ticker,title,summary,publisher,link,publish_date,type,related_tickers,source,overall_sentiment_score,overall_sentiment_label,category
^IXIC,Why current options activity signals market 'upside',No summary available.,Yahoo Finance Video,https://finance.yahoo.com/video/why-current-options-activity-signals-231255547.html,2025-01-23 16:12:55,VIDEO,"^DJI, ^GSPC, ^IXIC",yahoo,0.4,Bullish,General
^IXIC,"IPO market set for gradual growth in 2025, no 'fireworks'",No summary available.,Yahoo Finance Video,https://finance.yahoo.com/video/ipo-market-set-gradual-growth-224127772.html,2025-01-23 15:41:27,VIDEO,"^DJI, ^IXIC, ^GSPC",yahoo,0.4,Bullish,General
^IXIC,"S&P 500 Closes at Record High, Oil Falls as Traders Parse Trump Comments",No summary available.,MT Newswires,https://finance.yahoo.com/news/p-500-closes-record-high-213627406.html,2025-01-23 14:36:27,STORY,"^GSPC, COMP",yahoo,0.4,Bullish,General
^IXIC,S&P 500 closes at new record high,No summary available.,Yahoo Finance Video,https://finance.yahoo.com/video/p-500-closes-record-high-213432566.html,2025-01-23 14:34:32,VIDEO,"^IXIC, ^GSPC, ^DJI",yahoo,0.4,Bullish,General
^IXIC,"How major US stock indexes fared Thursday, 1/23/2025",No summary available.,Associated Press,https://finance.yahoo.com/news/major-us-stock-indexes-fared-211814315.html,2025-01-23 14:18:14,STORY,"COMP, ^DJI, ^GSPC, ^RUT",yahoo,0.4,Bullish,General
^IXIC,"Stock market today: S&P 500 clinches first record close of 2025, Dow pops after Trump takes spotlight at Davos",No summary available.,Yahoo Finance,https://finance.yahoo.com/news/live/stock-market-today-sp-500-clinches-first-record-close-of-2025-dow-pops-after-trump-takes-spotlight-at-davos-210311077.html,2025-01-23 14:03:11,STORY,"ES=F, ^IXIC, ^DJI, NQ=F, ^GSPC, YM=F",yahoo,0.4,Bullish,General
^IXIC,Trump Comments Leave Equity Markets Mixed,No summary available.,MT Newswires,https://finance.yahoo.com/news/trump-comments-leave-equity-markets-205020322.html,2025-01-23 13:50:20,STORY,"COMP, ^GSPC, ^DJI",yahoo,0.4,Bullish,General
^IXIC,Trump Comments Leave Equities Mixed Intraday,No summary available.,MT Newswires,https://finance.yahoo.com/news/trump-comments-leave-equities-mixed-185441569.html,2025-01-23 11:54:41,STORY,"^GSPC, COMP",yahoo,0.4,Bullish,General
^DJI,Why current options activity signals market 'upside',No summary available.,Yahoo Finance Video,https://finance.yahoo.com/video/why-current-options-activity-signals-231255547.html,2025-01-23 16:12:55,VIDEO,"^DJI, ^GSPC, ^IXIC",yahoo,0.4,Bullish,General
^DJI,"IPO market set for gradual growth in 2025, no 'fireworks'",No summary available.,Yahoo Finance Video,https://finance.yahoo.com/video/ipo-market-set-gradual-growth-224127772.html,2025-01-23 15:41:27,VIDEO,"^DJI, ^IXIC, ^GSPC",yahoo,0.4,Bullish,General
^DJI,S&P 500 closes at new record high,No summary available.,Yahoo Finance Video,https://finance.yahoo.com/video/p-500-closes-record-high-213432566.html,2025-01-23 14:34:32,VIDEO,"^IXIC, ^GSPC, ^DJI",yahoo,0.4,Bullish,General
^DJI,"How major US stock indexes fared Thursday, 1/23/2025",No summary available.,Associated Press,https://finance.yahoo.com/news/major-us-stock-indexes-fared-211814315.html,2025-01-23 14:18:14,STORY,"COMP, ^DJI, ^GSPC, ^RUT",yahoo,0.4,Bullish,General
^DJI,"Stock market today: S&P 500 clinches first record close of 2025, Dow pops after Trump takes spotlight at Davos",No summary available.,Yahoo Finance,https://finance.yahoo.com/news/live/stock-market-today-sp-500-clinches-first-record-close-of-2025-dow-pops-after-trump-takes-spotlight-at-davos-210311077.html,2025-01-23 14:03:11,STORY,"ES=F, ^IXIC, ^DJI, NQ=F, ^GSPC, YM=F",yahoo,0.4,Bullish,General
^DJI,"Top Cryptocurrencies Fall; Bitcoin Drops Below $104,000 Level",No summary available.,MT Newswires,https://finance.yahoo.com/news/top-cryptocurrencies-fall-bitcoin-drops-210004065.html,2025-01-23 14:00:04,STORY,"^GSPC, ^DJI",yahoo,0.4,Bullish,General
^DJI,Trump Comments Leave Equity Markets Mixed,No summary available.,MT Newswires,https://finance.yahoo.com/news/trump-comments-leave-equity-markets-205020322.html,2025-01-23 13:50:20,STORY,"COMP, ^GSPC, ^DJI",yahoo,0.4,Bullish,General
^DJI,US Equity Indexes Mixed as Technology Slips Amid Gains in Treasury Yields,No summary available.,MT Newswires,https://finance.yahoo.com/news/us-equity-indexes-mixed-technology-182320372.html,2025-01-23 11:23:20,STORY,"COMP, ^GSPC, ^DJI",yahoo,0.4,Bullish,General
^RUT,"How major US stock indexes fared Thursday, 1/23/2025",No summary available.,Associated Press,https://finance.yahoo.com/news/major-us-stock-indexes-fared-211814315.html,2025-01-23 14:18:14,STORY,"COMP, ^DJI, ^GSPC, ^RUT",yahoo,0.4,Bullish,General
^RUT,Initial Claims Higher-Than-Estimates,No summary available.,Zacks,https://finance.yahoo.com/news/initial-claims-higher-estimates-155300236.html,2025-01-23 08:53:00,STORY,"^RUT, ^GSPC",yahoo,0.4,Bullish,General
^RUT,"Pre-Markets Seek Direction on Warmer Jobless Claims, Q4 Earnings",No summary available.,Zacks,https://finance.yahoo.com/news/pre-markets-seek-direction-warmer-153200988.html,2025-01-23 08:32:00,STORY,"^RUT, ^GSPC",yahoo,0.4,Bullish,General
^RUT,Should Vanguard Russell 2000 Value ETF (VTWV) Be on Your Investing Radar?,No summary available.,Zacks,https://finance.yahoo.com/news/vanguard-russell-2000-value-etf-112008096.html,2025-01-23 04:20:08,STORY,^RUT,yahoo,0.4,Bullish,General
^RUT,S&P 500 Closes Within Striking Distance of Record: Markets Wrap,No summary available.,Bloomberg,https://finance.yahoo.com/news/asia-stocks-set-gain-trump-223617478.html,2025-01-22 14:36:48,STORY,"^RUT, ^DJI",yahoo,0.4,Bullish,General
^RUT,"How major US stock indexes fared Wednesday, 1/22/2025",No summary available.,Associated Press,https://finance.yahoo.com/news/major-us-stock-indexes-fared-212058832.html,2025-01-22 14:20:58,STORY,"COMP, ^GSPC, ^DJI, ^RUT",yahoo,0.4,Bullish,General
^RUT,"How major US stock indexes fared Tuesday, 1/21/2025",No summary available.,Associated Press Finance,https://finance.yahoo.com/news/major-us-stock-indexes-fared-211451555.html,2025-01-21 14:14:51,STORY,"COMP, ^GSPC, ^RUT, ^DJI",yahoo,0.4,Bullish,General
^RUT,Here’s What Drives Amentum Holdings’ (AMTM) Incremental Shareholder Value,No summary available.,Insider Monkey,https://finance.yahoo.com/news/drives-amentum-holdings-amtm-incremental-154620164.html,2025-01-21 08:46:20,STORY,^RUT,yahoo,0.4,Bullish,General
^GSPC,Asian Shares Track Wall Street Optimism Before BOJ: Markets Wrap,No summary available.,Bloomberg,https://finance.yahoo.com/news/asian-shares-ride-wall-street-224004019.html,2025-01-23 17:16:41,STORY,^GSPC,yahoo,0.4,Bullish,General
^GSPC,Why current options activity signals market 'upside',No summary available.,Yahoo Finance Video,https://finance.yahoo.com/video/why-current-options-activity-signals-231255547.html,2025-01-23 16:12:55,VIDEO,"^DJI, ^GSPC, ^IXIC",yahoo,0.4,Bullish,General
^GSPC,Why Prologis Stock Was a Winner on Thursday,No summary available.,Motley Fool,https://finance.yahoo.com/m/3eaea4ff-1238-3bd0-84c5-ef7aedf91b70/why-prologis-stock-was-a.html,2025-01-23 16:01:43,STORY,"PLD, ^GSPC",yahoo,0.4,Bullish,General
^GSPC,BRF (BRFS) Stock Falls Amid Market Uptick: What Investors Need to Know,No summary available.,Zacks,https://finance.yahoo.com/news/brf-brfs-stock-falls-amid-230024316.html,2025-01-23 16:00:24,STORY,"^GSPC, BRFS",yahoo,0.4,Bullish,General
^GSPC,Cloudflare (NET) Rises Higher Than Market: Key Facts,No summary available.,Zacks,https://finance.yahoo.com/news/cloudflare-net-rises-higher-market-230024297.html,2025-01-23 16:00:24,STORY,"NET, ^GSPC",yahoo,0.4,Bullish,General
^GSPC,Monday.com (MNDY) Stock Drops Despite Market Gains: Important Facts to Note,No summary available.,Zacks,https://finance.yahoo.com/news/monday-com-mndy-stock-drops-230023207.html,2025-01-23 16:00:23,STORY,"^GSPC, MNDY",yahoo,0.4,Bullish,General
^GSPC,Cadence Design Systems (CDNS) Outperforms Broader Market: What You Need to Know,No summary available.,Zacks,https://finance.yahoo.com/news/cadence-design-systems-cdns-outperforms-230022774.html,2025-01-23 16:00:22,STORY,"CDNS, ^GSPC",yahoo,0.4,Bullish,General
^GSPC,Gold Fields (GFI) Gains But Lags Market: What You Should Know,No summary available.,Zacks,https://finance.yahoo.com/news/gold-fields-gfi-gains-lags-230021576.html,2025-01-23 16:00:21,STORY,"GFI, ^GSPC",yahoo,0.4,Bullish,General
AAPL,"Update: Epic Games Takes on Google, Apple With Third-Party Games on Company's Own App Marketplace",No summary available.,MT Newswires,https://finance.yahoo.com/news/epic-games-takes-google-apple-224128923.html,2025-01-23 15:41:28,STORY,"AAPL, GOOG",yahoo,0.4,Bullish,Tech
AAPL,Former Apple Executive Asks $25.5 Million for San Francisco Apartment,No summary available.,The Wall Street Journal,https://finance.yahoo.com/m/d6ad7585-fc9b-3f5f-9207-11c2c3f75d3c/former-apple-executive-asks.html,2025-01-23 15:00:00,STORY,AAPL,yahoo,0.4,Bullish,Tech
AAPL,Trump opens a divide between US and EU over Big Tech,No summary available.,Yahoo Finance,https://finance.yahoo.com/news/trump-opens-a-divide-between-us-and-eu-over-big-tech-213413056.html,2025-01-23 14:34:13,STORY,"GOOG, META, MSFT, AAPL, AMZN",yahoo,0.4,Bullish,Tech
AAPL,"Apple Poised for Largely In-Line First-Quarter Revenue, Morgan Stanley Says",No summary available.,MT Newswires,https://finance.yahoo.com/news/apple-poised-largely-line-first-204840044.html,2025-01-23 13:48:40,STORY,AAPL,yahoo,0.4,Bullish,Tech
AAPL,"As Apple Earnings Near, More Investors Think the iPhone Maker’s Stock Is Primed to Fall",No summary available.,Barrons.com,https://finance.yahoo.com/m/6ec2f756-d24d-3154-a494-c4f23da4bd4f/as-apple-earnings-near%2C-more.html,2025-01-23 13:24:00,STORY,AAPL,yahoo,0.4,Bullish,Tech
AAPL,Is Apple Inc. (AAPL) Among Billionaire Dan Loeb’s Top Stock Picks?,No summary available.,Insider Monkey,https://finance.yahoo.com/news/apple-inc-aapl-among-billionaire-195410392.html,2025-01-23 12:54:10,STORY,"AAPL, TPNTF",yahoo,0.4,Bullish,Tech
AAPL,"Epic Games Takes on Google, Apple With Third-Party Games on Company's Own App Marketplace",No summary available.,MT Newswires,https://finance.yahoo.com/news/epic-games-takes-google-apple-194817735.html,2025-01-23 12:48:17,STORY,"GOOG, AAPL",yahoo,0.4,Bullish,Tech
AAPL,"India Urges Apple, Google to Host Government App Suite Amid Resistance",No summary available.,GuruFocus.com,https://finance.yahoo.com/news/india-urges-apple-google-host-185435371.html,2025-01-23 11:54:35,STORY,"GOOG, AAPL",yahoo,0.4,Bullish,Tech
GOOGL,"Update: Epic Games Takes on Google, Apple With Third-Party Games on Company's Own App Marketplace",No summary available.,MT Newswires,https://finance.yahoo.com/news/epic-games-takes-google-apple-224128923.html,2025-01-23 15:41:28,STORY,"AAPL, GOOG",yahoo,0.4,Bullish,Tech
GOOGL,Trump opens a divide between US and EU over Big Tech,No summary available.,Yahoo Finance,https://finance.yahoo.com/news/trump-opens-a-divide-between-us-and-eu-over-big-tech-213413056.html,2025-01-23 14:34:13,STORY,"GOOG, META, MSFT, AAPL, AMZN",yahoo,0.4,Bullish,Tech
GOOGL,"IBD 50 Stock In Huge Demand — With Ties To Shopify, Google And Meta",No summary available.,Investor's Business Daily,https://finance.yahoo.com/m/aed87e43-725f-39b2-8531-1c08e0b941e7/ibd-50-stock-in-huge-demand-%E2%80%94.html,2025-01-23 13:37:35,STORY,"META, GLBE, GOOG, CRM, SHOP",yahoo,0.4,Bullish,Tech
GOOGL,Is Alphabet Inc. (GOOGL) the Best Socially Responsible Stock to Buy According to Hedge Funds?,No summary available.,Insider Monkey,https://finance.yahoo.com/news/alphabet-inc-googl-best-socially-202310113.html,2025-01-23 13:23:10,STORY,GOOG,yahoo,0.4,Bullish,Tech
GOOGL,"Epic Games Takes on Google, Apple With Third-Party Games on Company's Own App Marketplace",No summary available.,MT Newswires,https://finance.yahoo.com/news/epic-games-takes-google-apple-194817735.html,2025-01-23 12:48:17,STORY,"GOOG, AAPL",yahoo,0.4,Bullish,Tech
GOOGL,"India Urges Apple, Google to Host Government App Suite Amid Resistance",No summary available.,GuruFocus.com,https://finance.yahoo.com/news/india-urges-apple-google-host-185435371.html,2025-01-23 11:54:35,STORY,"GOOG, AAPL",yahoo,0.4,Bullish,Tech
GOOGL,"Apple 2025 Outlook: AI Gets IQ Boost, Possible Smart Home Products",No summary available.,Investor's Business Daily,https://finance.yahoo.com/m/0df94b1f-418c-3bdb-9d48-4ec50838622f/apple-2025-outlook%3A-ai-gets.html,2025-01-23 11:46:55,STORY,"AMZN, AAPL, META, GOOG",yahoo,0.4,Bullish,Tech
GOOGL,Researchers just stumped AI with their most difficult test — but for how long?,No summary available.,Quartz,https://finance.yahoo.com/m/d30567e5-9a57-37bc-a44c-fc2bda988228/researchers-just-stumped-ai.html,2025-01-23 11:43:07,STORY,GOOG,yahoo,0.4,Bullish,Tech
MSFT,Tevogen Bio Highlights the Future of AI-Driven Drug Development in Fireside Chat with Microsoft During the J.P. Morgan Healthcare Conference,No summary available.,GlobeNewswire,https://finance.yahoo.com/news/tevogen-bio-highlights-future-ai-005300691.html,2025-01-23 17:53:00,STORY,"TVGN, TVGNW, MSFT",yahoo,0.4,Bullish,Tech
MSFT,Trump opens a divide between US and EU over Big Tech,No summary available.,Yahoo Finance,https://finance.yahoo.com/news/trump-opens-a-divide-between-us-and-eu-over-big-tech-213413056.html,2025-01-23 14:34:13,STORY,"GOOG, META, MSFT, AAPL, AMZN",yahoo,0.4,Bullish,Tech
MSFT,Sector Update: Tech Stocks Edge Lower Late Afternoon,No summary available.,MT Newswires,https://finance.yahoo.com/news/sector-tech-stocks-edge-lower-205709720.html,2025-01-23 13:57:09,STORY,"EBAY, MSFT",yahoo,0.4,Bullish,Tech
MSFT,Sector Update: Tech,No summary available.,MT Newswires,https://finance.yahoo.com/news/sector-tech-204124549.html,2025-01-23 13:41:24,STORY,"EBAY, MSFT",yahoo,0.4,Bullish,Tech
MSFT,HP stockpiling computers ahead of potential Trump tariffs: CEO,No summary available.,Yahoo Finance,https://finance.yahoo.com/news/hp-stockpiling-computers-ahead-of-potential-trump-tariffs-ceo-203002131.html,2025-01-23 13:30:02,STORY,"MSFT, AMD, NVDA, BBY, DELL, HPQ, INTC",yahoo,0.4,Bullish,Tech
MSFT,Is Microsoft Corporation (MSFT) Among Billionaire Dan Loeb’s Top Stock Picks?,No summary available.,Insider Monkey,https://finance.yahoo.com/news/microsoft-corporation-msft-among-billionaire-195046386.html,2025-01-23 12:50:46,STORY,"MSFT, TPNTF",yahoo,0.4,Bullish,Tech
MSFT,Microsoft Stock Approaches This Early Entry Point; Is MSFT A Buy In January?,No summary available.,Investor's Business Daily,https://finance.yahoo.com/m/5dd00a9b-8305-3862-b01d-ed9edac80eb4/microsoft-stock-approaches.html,2025-01-23 12:50:01,STORY,MSFT,yahoo,0.4,Bullish,Tech
MSFT,Market Chatter: Microsoft to Train 1 Million South Africans on AI & Cybersecurity by 2026,No summary available.,MT Newswires,https://finance.yahoo.com/news/market-chatter-microsoft-train-1-193338908.html,2025-01-23 12:33:38,STORY,MSFT,yahoo,0.4,Bullish,Tech
ASTS,AST SpaceMobile Announces Pricing of Private Offering of $400.0 Million of Convertible Senior Notes Due 2032,No summary available.,Business Wire,https://finance.yahoo.com/news/ast-spacemobile-announces-pricing-private-054700445.html,2025-01-22 22:47:00,STORY,"ASTS, ASTSW",yahoo,0.4,Bullish,Tech
ASTS,AST SpaceMobile Announces Proposed Private Offering of $400.0 Million of Convertible Senior Notes Due 2032,No summary available.,Business Wire,https://finance.yahoo.com/news/ast-spacemobile-announces-proposed-private-212700566.html,2025-01-22 14:27:00,STORY,"ASTS, ASTSW",yahoo,0.4,Bullish,Tech
ASTS,"Rocket, Space Stocks Fly On President Trump's Mars Vision",No summary available.,Investor's Business Daily,https://finance.yahoo.com/m/e7d2a6ed-bb58-3961-a3aa-6095cb8c62e4/rocket%2C-space-stocks-fly-on.html,2025-01-21 14:29:15,STORY,"ASTS, ASTSW, PL, PL-WS, LUNR, LUNRW, RKLB, RDW, RDW-WS",yahoo,0.4,Bullish,Tech
ASTS,"Space stocks rally on Trump speech, promises to go to Mars",No summary available.,Yahoo Finance Video,https://finance.yahoo.com/video/space-stocks-rally-trump-speech-212045579.html,2025-01-21 14:20:45,VIDEO,"SPCE, ASTS, ASTSW, RKLB, RDW, RDW-WS, LUNR, LUNRW, GSAT",yahoo,0.4,Bullish,Tech
ASTS,AST SpaceMobile in deal for long-term access lower mid-band spectrum in U.S.,No summary available.,TipRanks,https://finance.yahoo.com/news/ast-spacemobile-deal-long-term-131615541.html,2025-01-07 06:16:15,STORY,"ASTS, ASTSW",yahoo,0.4,Bullish,Tech
ASTS,AST SpaceMobile Announces Agreement for Long-Term Access to up to 45 MHz of Premium Lower Mid-Band Spectrum in the United States for Direct-to-Device Satellite Applications,No summary available.,Business Wire,https://finance.yahoo.com/news/ast-spacemobile-announces-agreement-long-130000193.html,2025-01-06 06:00:00,STORY,"ASTS, ASTSW",yahoo,0.4,Bullish,Tech
ASTS,"Individual investors account for 44% of AST SpaceMobile, Inc.'s (NASDAQ:ASTS) ownership, while institutions account for 35%",No summary available.,Simply Wall St.,https://finance.yahoo.com/news/individual-investors-account-44-ast-144146002.html,2024-12-22 07:41:46,STORY,"ASTS, ASTSW",yahoo,0.4,Bullish,Tech
ASTS,"AST SpaceMobile, Starlink Rival, Jumps On Long-Term Vodafone Deal",No summary available.,Investor's Business Daily,https://finance.yahoo.com/m/7ea467fc-87dc-338f-8214-e2dd82822ede/ast-spacemobile%2C-starlink.html,2024-12-09 14:17:55,STORY,"ASTS, ASTSW, RKLB",yahoo,0.4,Bullish,Tech
PTON,"Peloton Interactive, Inc. Announces Date of Second Quarter 2025 Earnings Release and Conference Call",No summary available.,GlobeNewswire,https://finance.yahoo.com/news/peloton-interactive-inc-announces-date-210000179.html,2025-01-23 14:00:00,STORY,PTON,yahoo,0.4,Bullish,Tech
PTON,What Makes Peloton Interactive (PTON) an Investment Bet?,No summary available.,Insider Monkey,https://finance.yahoo.com/news/makes-peloton-interactive-pton-investment-141745759.html,2025-01-23 07:17:45,STORY,"PTON, GLRE",yahoo,0.4,Bullish,Tech
PTON,Einhorn says the market is at the fartcoin stage of the cycle. His fund bought Peloton and made these moves.,No summary available.,MarketWatch,https://finance.yahoo.com/m/354a6057-ffb8-359a-a4cd-8ad868b2f8d2/einhorn-says-the-market-is-at.html,2025-01-22 07:35:00,STORY,PTON,yahoo,0.4,Bullish,Tech
PTON,Here's Why Investors Should Retain Peloton Stock for Now,No summary available.,Zacks,https://finance.yahoo.com/news/heres-why-investors-retain-peloton-124500555.html,2025-01-22 05:45:00,STORY,"PTON, CUK",yahoo,0.4,Bullish,Tech
PTON,Target adds Peloton apparel to online marketplace,No summary available.,Retail Dive,https://finance.yahoo.com/m/2d1b9be0-270a-3a98-8d2c-20466ec03bc7/target-adds-peloton-apparel.html,2025-01-21 05:19:00,STORY,PTON,yahoo,0.4,Bullish,Tech
PTON,Target Adds Peloton Apparel to Online Offering,No summary available.,WWD,https://finance.yahoo.com/m/f952138f-5696-35a9-9742-32fa79016e8c/target-adds-peloton-apparel.html,2025-01-20 15:47:25,STORY,"PTON, JWN",yahoo,0.4,Bullish,Tech
PTON,Why Peloton Interactive (PTON) Is Crashing?,No summary available.,Insider Monkey,https://finance.yahoo.com/news/why-peloton-interactive-pton-crashing-112102081.html,2025-01-17 04:21:02,STORY,PTON,yahoo,0.4,Bullish,Tech
PTON,A Look Back at Consumer Electronics Stocks’ Q3 Earnings: Peloton (NASDAQ:PTON) Vs The Rest Of The Pack,No summary available.,StockStory,https://finance.yahoo.com/news/look-back-consumer-electronics-stocks-090219192.html,2025-01-17 02:02:19,STORY,"PTON, SONO, AAPL, GPRO",yahoo,0.4,Bullish,Tech
GSAT,"Globalstar Plans to Voluntarily Delist from NYSE American, Transfer to Nasdaq",No summary available.,MT Newswires,https://finance.yahoo.com/news/globalstar-plans-voluntarily-delist-nyse-090443312.html,2025-01-22 02:04:43,STORY,GSAT,yahoo,0.4,Bullish,Tech
GSAT,Globalstar Announces Intention to Voluntarily Delist from NYSE American and Transfer to Nasdaq Upon Completion of Reverse Stock Split,No summary available.,Business Wire,https://finance.yahoo.com/news/globalstar-announces-intention-voluntarily-delist-225000411.html,2025-01-21 15:50:00,STORY,GSAT,yahoo,0.4,Bullish,Tech
GSAT,"Space stocks rally on Trump speech, promises to go to Mars",No summary available.,Yahoo Finance Video,https://finance.yahoo.com/video/space-stocks-rally-trump-speech-212045579.html,2025-01-21 14:20:45,VIDEO,"SPCE, ASTS, ASTSW, RKLB, RDW, RDW-WS, LUNR, LUNRW, GSAT",yahoo,0.4,Bullish,Tech
GSAT,"Globalstar, Inc. (GSAT) Stock: An Under $5 Gem with Biggest Upside Potential",No summary available.,Insider Monkey,https://finance.yahoo.com/news/globalstar-inc-gsat-stock-under-030212212.html,2025-01-20 20:02:12,STORY,GSAT,yahoo,0.4,Bullish,Tech
GSAT,"GSAT, Peiker Partner to Boost Satellite-Based Automotive Communication",No summary available.,Zacks,https://finance.yahoo.com/news/gsat-peiker-partner-boost-satellite-132300185.html,2025-01-09 06:23:00,STORY,"GSAT, QCOM",yahoo,0.4,Bullish,Tech
GSAT,Peiker Holding GmbH and Globalstar Announce Strategic Partnership to Bring Satellite-based Emergency Services and Telematics Capabilities to Automotive OEMs,No summary available.,Business Wire,https://finance.yahoo.com/news/peiker-holding-gmbh-globalstar-announce-141600909.html,2025-01-07 07:16:00,STORY,GSAT,yahoo,0.4,Bullish,Tech
GSAT,Strength Seen in Gilat (GILT): Can Its 9.8% Jump Turn into More Strength?,No summary available.,Zacks,https://finance.yahoo.com/news/strength-seen-gilat-gilt-9-113600552.html,2025-01-07 04:36:00,STORY,"GILT, GSAT",yahoo,0.4,Bullish,Tech
GSAT,"Globalstar, Inc. (GSAT): A Bull Case Theory",No summary available.,Insider Monkey,https://finance.yahoo.com/news/globalstar-inc-gsat-bull-case-130358422.html,2025-01-02 06:03:58,STORY,GSAT,yahoo,0.4,Bullish,Tech
PLTR,"Palantir Could Ride AI Fed Spending 'Tidal Wave,' Says Analyst",No summary available.,Investor's Business Daily,https://finance.yahoo.com/m/5ee1a2f0-2b87-33ef-96ef-ae373ab96aaf/palantir-could-ride-ai-fed.html,2025-01-23 15:10:31,STORY,PLTR,yahoo,0.4,Bullish,Tech
PLTR,Find The Next Palantir Or Hot IPO In 2025 With This Tool,No summary available.,Investor's Business Daily,https://finance.yahoo.com/m/3ea1184c-5a73-3eb6-9e62-aab9dda34953/find-the-next-palantir-or-hot.html,2025-01-23 13:48:01,STORY,"KVYO, PLTR, NVDA, RDDT, ODD",yahoo,0.4,Bullish,Tech
PLTR,Dow Jones Futures: AI Stocks Fall After Running On Trump's 'Stargate' Project,No summary available.,Investor's Business Daily,https://finance.yahoo.com/m/af4be1e4-3aa1-3d6f-ad36-0e042795d1d6/dow-jones-futures%3A-ai-stocks.html,2025-01-23 06:11:18,STORY,"CRWD, PLTR, NVDA, ARM, ORCL",yahoo,0.4,Bullish,Tech
PLTR,"Nvidia, Palantir And Google Fuel This List Of 23 'Perfect' Stocks",No summary available.,Investor's Business Daily,https://finance.yahoo.com/m/8980de89-7192-33f0-9ef0-1182d1acd5be/nvidia%2C-palantir-and-google.html,2025-01-22 13:55:21,STORY,"META, GOOG, NFLX, NVDA, AVGO, PLTR",yahoo,0.4,Bullish,Tech
PLTR,Does Palantir Technologies (NASDAQ:PLTR) Deserve A Spot On Your Watchlist?,No summary available.,Simply Wall St.,https://finance.yahoo.com/news/does-palantir-technologies-nasdaq-pltr-140012935.html,2025-01-22 07:00:12,STORY,PLTR,yahoo,0.4,Bullish,Tech
PLTR,Defense and Space Company Voyager Technologies Files to Go Public,No summary available.,The Wall Street Journal,https://finance.yahoo.com/m/4e105c8b-96b4-3378-8e6e-ce066afe3d20/defense-and-space-company.html,2025-01-21 14:09:00,STORY,"PLTR, MS, MS-PQ",yahoo,0.4,Bullish,Tech
PLTR,Palantir Starts Off 2025 In Red. Is Palantir Stock A Buy Or Sell Amid High Valuation?,No summary available.,Investor's Business Daily,https://finance.yahoo.com/m/be729a4b-4be9-39c3-b232-f48bab2c5685/palantir-starts-off-2025-in.html,2025-01-21 05:52:40,STORY,PLTR,yahoo,0.4,Bullish,Tech
PLTR,Palantir Technologies Inc. (PLTR) Poised for Growth as Biden Administration Advances AI Infrastructure with Executive Order,No summary available.,Insider Monkey,https://finance.yahoo.com/news/palantir-technologies-inc-pltr-poised-112619209.html,2025-01-20 04:26:19,STORY,PLTR,yahoo,0.4,Bullish,Tech
SMR,When Should You Buy NuScale Power Corporation (NYSE:SMR)?,No summary available.,Simply Wall St.,https://finance.yahoo.com/news/buy-nuscale-power-corporation-nyse-142101725.html,2025-01-23 07:21:01,STORY,SMR,yahoo,0.4,Bullish,Tech
SMR,Cathie Wood Dumps Sam Altman's Surging Nuclear Startup; Buys Key Uranium Player,No summary available.,Investor's Business Daily,https://finance.yahoo.com/m/cce8d1ae-275d-3f72-9338-c23a37ee03a9/cathie-wood-dumps-sam.html,2025-01-22 15:42:20,STORY,"VST, OKLO, NNE, CCJ, SMR",yahoo,0.4,Bullish,Tech
SMR,NuScale Announces Alan Boeckmann as Non-Executive Chairman of Board of Directors,No summary available.,Business Wire,https://finance.yahoo.com/news/nuscale-announces-alan-boeckmann-non-115000854.html,2025-01-14 04:50:00,STORY,SMR,yahoo,0.4,Bullish,Tech
SMR,"Nuclear Energy Stocks Enter 2025 On A High. AI Data Centers Need Them, A Lot.",No summary available.,Investor's Business Daily,https://finance.yahoo.com/m/4e5cb7c1-4e01-38a6-822e-4389a4831631/nuclear-energy-stocks-enter.html,2025-01-04 08:31:33,STORY,"VST, OKLO, CEG, SMR, TLN",yahoo,0.4,Bullish,Tech
SMR,Biden releases hydrogen tax credit. Nuclear energy stocks rise.,No summary available.,Yahoo Finance Video,https://finance.yahoo.com/video/biden-releases-hydrogen-tax-credit-213904308.html,2025-01-03 14:39:04,VIDEO,"VST, XLE, NNE, OKLO, CEG, SMR",yahoo,0.4,Bullish,Tech
SMR,Estimating The Intrinsic Value Of NuScale Power Corporation (NYSE:SMR),No summary available.,Simply Wall St.,https://finance.yahoo.com/news/estimating-intrinsic-value-nuscale-power-133013847.html,2024-12-27 06:30:13,STORY,SMR,yahoo,0.4,Bullish,Tech
SMR,NuScale Power Announces Appointment of Diana J. Walters to Board of Directors,No summary available.,Business Wire,https://finance.yahoo.com/news/nuscale-power-announces-appointment-diana-212500016.html,2024-12-26 14:25:00,STORY,SMR,yahoo,0.4,Bullish,Tech
SMR,NuScale Power Corporation Announces Completion of Redemption of Warrants,No summary available.,Business Wire,https://finance.yahoo.com/news/nuscale-power-corporation-announces-completion-211500818.html,2024-12-26 14:15:00,STORY,SMR,yahoo,0.4,Bullish,Tech
ACHR,Lt. Gen. (Ret) Scott Howell Joins Archer Defense’s Advisory Board to Advance Next-Gen Military Program,No summary available.,Business Wire,https://finance.yahoo.com/news/lt-gen-ret-scott-howell-133000679.html,2025-01-22 06:30:00,STORY,"ACHR, ACHR-WS",yahoo,0.4,Bullish,Tech
ACHR,Archer Completes Construction of High-Volume Manufacturing Facility,No summary available.,Business Wire,https://finance.yahoo.com/news/archer-completes-construction-high-volume-133000102.html,2024-12-19 06:30:00,STORY,"ACHR, ACHR-WS",yahoo,0.4,Bullish,Tech
ACHR,"Archer Aviation CEO discusses new defense unit, Anduril partnership",No summary available.,Yahoo Finance Video,https://finance.yahoo.com/video/archer-aviation-ceo-discusses-defense-165021776.html,2024-12-12 09:50:21,VIDEO,"ACHR, ACHR-WS",yahoo,0.4,Bullish,Tech
ACHR,Archer Announces Strategic Partnership With Anduril to Develop Hybrid VTOL Military Aircraft; Raises An Additional $430M,No summary available.,Business Wire,https://finance.yahoo.com/news/archer-announces-strategic-partnership-anduril-134500781.html,2024-12-12 06:45:00,STORY,"ACHR, ACHR-WS",yahoo,0.4,Bullish,Tech
ACHR,Abu Dhabi and Archer Announce Agreement With Cross-Industry Stakeholders To Launch First Commercial Electric Air Taxi Flights,No summary available.,Business Wire,https://finance.yahoo.com/news/abu-dhabi-archer-announce-agreement-142800804.html,2024-12-06 07:28:00,STORY,"ACHR, ACHR-WS",yahoo,0.4,Bullish,Tech
ACHR,"Needham initiates coverage on Joby, Archer Aviation",No summary available.,Yahoo Finance Video,https://finance.yahoo.com/video/needham-initiates-coverage-joby-archer-211851461.html,2024-11-19 14:18:51,VIDEO,"ACHR, ACHR-WS, JOBY",yahoo,0.4,Bullish,Tech
ACHR,Archer Hires UAE Leader From Abu Dhabi Executive Office and GCAA in Support of Plan to Commence In-country Service as Soon as Late Next Year,No summary available.,Business Wire,https://finance.yahoo.com/news/archer-hires-uae-leader-abu-050000552.html,2024-11-11 22:00:00,STORY,"ACHR, ACHR-WS",yahoo,0.4,Bullish,Tech
ACHR,"Archer Announces Third Quarter 2024 Results, Demonstrating Manufacturing, Certification and Commercial Launch Momentum",No summary available.,Business Wire,https://finance.yahoo.com/news/archer-announces-third-quarter-2024-210500611.html,2024-11-07 14:05:00,STORY,"ACHR, ACHR-WS",yahoo,0.4,Bullish,Tech
BWXT,"BWX Technologies to Announce Fourth Quarter and Full-Year 2024 Results on Monday, February 24",No summary available.,Business Wire,https://finance.yahoo.com/news/bwx-technologies-announce-fourth-quarter-211500399.html,2025-01-16 14:15:00,STORY,BWXT,yahoo,0.4,Bullish,Tech
BWXT,"Truist Securities Adjusts Price Target on BWX Technologies to $114 From $106, Keeps Hold Rating",No summary available.,MT Newswires,https://finance.yahoo.com/news/truist-securities-adjusts-price-target-141136478.html,2025-01-14 07:11:36,STORY,BWXT,yahoo,0.4,Bullish,Tech
BWXT,Three Reasons to Avoid BWXT and One Stock to Buy Instead,No summary available.,StockStory,https://finance.yahoo.com/news/three-reasons-avoid-bwxt-one-090146576.html,2025-01-14 02:01:46,STORY,BWXT,yahoo,0.4,Bullish,Tech
BWXT,BWX Technologies price target raised to $140 from $138 at Maxim,No summary available.,TipRanks,https://finance.yahoo.com/news/bwx-technologies-price-target-raised-145526263.html,2025-01-11 07:55:26,STORY,BWXT,yahoo,0.4,Bullish,Tech
BWXT,All You Need to Know About BWX (BWXT) Rating Upgrade to Buy,No summary available.,Zacks,https://finance.yahoo.com/news/know-bwx-bwxt-rating-upgrade-170013619.html,2025-01-07 10:00:13,STORY,BWXT,yahoo,0.4,Bullish,Tech
BWXT,BWX Technologies to Acquire Kinectrics for $525 Million,No summary available.,MT Newswires,https://finance.yahoo.com/news/bwx-technologies-acquire-kinectrics-525-115244840.html,2025-01-07 04:52:44,STORY,BWXT,yahoo,0.4,Bullish,Tech
BWXT,"BWXT Enters Agreement to Acquire Kinectrics, a Leading Service Provider to the Global Nuclear Market",No summary available.,Business Wire,https://finance.yahoo.com/news/bwxt-enters-agreement-acquire-kinectrics-110000382.html,2025-01-07 04:00:00,STORY,BWXT,yahoo,0.4,Bullish,Tech
BWXT,BWX Technologies Says it has Completed Acquisition of L3Harris' Aerojet Ordnance Tennessee Business,No summary available.,MT Newswires,https://finance.yahoo.com/news/bwx-technologies-says-completed-acquisition-123225791.html,2025-01-06 05:32:25,STORY,"BWXT, LHX",yahoo,0.4,Bullish,Tech
ARBK,Argo Blockchain PLC (ARBKF) Q3 2024 Earnings Call Highlights: Navigating Challenges and ...,No summary available.,GuruFocus.com,https://finance.yahoo.com/news/argo-blockchain-plc-arbkf-q3-010033061.html,2024-11-25 18:00:33,STORY,ARBK,yahoo,0.4,Bullish,Tech
AMD,HP stockpiling computers ahead of potential Trump tariffs: CEO,No summary available.,Yahoo Finance,https://finance.yahoo.com/news/hp-stockpiling-computers-ahead-of-potential-trump-tariffs-ceo-203002131.html,2025-01-23 13:30:02,STORY,"MSFT, AMD, NVDA, BBY, DELL, HPQ, INTC",yahoo,0.4,Bullish,Tech
AMD,Tech trade outlook: AI has 'long road ahead' and 'room to run',No summary available.,Yahoo Finance Video,https://finance.yahoo.com/video/tech-trade-outlook-ai-long-172943665.html,2025-01-23 10:29:43,VIDEO,"INTC, AMD, NVDA",yahoo,0.4,Bullish,Tech
AMD,Chip stocks fall as Nvidia supplier highlights market uncertainty,No summary available.,Yahoo Finance,https://finance.yahoo.com/news/chip-stocks-fall-as-nvidia-supplier-highlights-market-uncertainty-150914100.html,2025-01-23 08:09:14,STORY,"AVGO, 000660.KS, AMD, NVDA, ARM, MU, ^SOX",yahoo,0.4,Bullish,Tech
AMD,Is AI out of control? HPE CEO says it's up in the air.,No summary available.,Yahoo Finance,https://finance.yahoo.com/news/is-ai-out-of-control-hpe-ceo-says-its-up-in-the-air-150002290.html,2025-01-23 08:00:02,STORY,"NVDA, DELL, META, AMD, CRM, HPE, HPQ, TSLA, AMZN, SMCI, ^IXIC",yahoo,0.4,Bullish,Tech
AMD,Where Will AMD Stock Be in 3 Years?,No summary available.,Motley Fool,https://finance.yahoo.com/m/004f4895-54cf-35c4-9f6c-4b35ea824fd4/where-will-amd-stock-be-in-3.html,2025-01-23 07:15:00,STORY,"AMD, NVDA, MSFT",yahoo,0.4,Bullish,Tech
AMD,"Social Buzz: Wallstreetbets Stocks Mostly Lower Premarket Thursday; AST SpaceMobile, Trump Media & Technology Group to Decline",No summary available.,MT Newswires,https://finance.yahoo.com/news/social-buzz-wallstreetbets-stocks-mostly-120559447.html,2025-01-23 05:05:59,STORY,AMD,yahoo,0.4,Bullish,Tech
AMD,"The Zacks Analyst Blog NVIDIA, Palantir, Microsoft, Intel and Advanced Micro Devices",No summary available.,Zacks,https://finance.yahoo.com/news/zacks-analyst-blog-nvidia-palantir-083300281.html,2025-01-23 01:33:00,STORY,"NVDA, MSFT, INTC, AMD",yahoo,0.4,Bullish,Tech
AMD,Jim Cramer on Advanced Micro Devices (AMD): “Cut by Goldman and Struggling to Accelerate Growth – Here’s Why”,No summary available.,Insider Monkey,https://finance.yahoo.com/news/jim-cramer-advanced-micro-devices-005626503.html,2025-01-22 17:56:26,STORY,AMD,yahoo,0.4,Bullish,Tech
NVDA,Nvidia (NVDA) Advances But Underperforms Market: Key Facts,No summary available.,Zacks,https://finance.yahoo.com/news/nvidia-nvda-advances-underperforms-market-224520374.html,2025-01-23 15:45:20,STORY,NVDA,yahoo,0.4,Bullish,Tech
NVDA,The Trump-Musk Bromance Is as Strong as Ever Despite Tesla CEO’s Stargate Diss,No summary available.,Barrons.com,https://finance.yahoo.com/m/7f8f9de8-7e66-3265-86a9-f5e837271050/the-trump-musk-bromance-is-as.html,2025-01-23 14:36:00,STORY,"TSLA, ORCL, NVDA",yahoo,0.4,Bullish,Tech
NVDA,"Stock Market Today: Indexes Mixed As Trump Makes These Demands; Quantum Computing Stock Falls As Apple, Tesla Earnings Loom (Live Coverage)",No summary available.,Investor's Business Daily,https://finance.yahoo.com/m/96999a20-6604-3b5a-904a-8a8aec50f0f6/stock-market-today%3A-indexes.html,2025-01-23 14:30:22,STORY,"ARM, AAL, GE, ELV, NVDA",yahoo,0.4,Bullish,Tech
NVDA,"These Stocks Moved the Most Today: Electronic Arts, Nvidia, Arm, GE Aerospace, American Airlines, Union Pacific, and More",No summary available.,Barrons.com,https://finance.yahoo.com/m/68b71a08-8645-31ce-ab9d-08cc706c2d43/these-stocks-moved-the-most.html,2025-01-23 14:28:00,STORY,"NVDA, KNX, AA",yahoo,0.4,Bullish,Tech
NVDA,Find The Next Palantir Or Hot IPO In 2025 With This Tool,No summary available.,Investor's Business Daily,https://finance.yahoo.com/m/3ea1184c-5a73-3eb6-9e62-aab9dda34953/find-the-next-palantir-or-hot.html,2025-01-23 13:48:01,STORY,"KVYO, PLTR, NVDA, RDDT, ODD",yahoo,0.4,Bullish,Tech
NVDA,HP stockpiling computers ahead of potential Trump tariffs: CEO,No summary available.,Yahoo Finance,https://finance.yahoo.com/news/hp-stockpiling-computers-ahead-of-potential-trump-tariffs-ceo-203002131.html,2025-01-23 13:30:02,STORY,"MSFT, AMD, NVDA, BBY, DELL, HPQ, INTC",yahoo,0.4,Bullish,Tech
NVDA,Why Micron (MU) Stock Is Nosediving,No summary available.,StockStory,https://finance.yahoo.com/news/why-micron-mu-stock-nosediving-200717207.html,2025-01-23 13:07:17,STORY,"NVDA, MU",yahoo,0.4,Bullish,Tech
NVDA,"Elon Musk Says Project Stargate Doesn't 'Actually Have The Money' After Trump Announces $500 Billion AI Investment Led By SoftBank, Oracle And OpenAI",No summary available.,Benzinga,https://finance.yahoo.com/news/elon-musk-says-project-stargate-193016375.html,2025-01-23 12:30:16,STORY,"SFTBY, ORCL, NVDA",yahoo,0.4,Bullish,Tech
BTC,Bitcoin and stocks have been moving in sync: Morning Brief,No summary available.,Yahoo Finance,https://finance.yahoo.com/news/bitcoin-and-stocks-have-been-moving-in-sync-morning-brief-110025869.html,2025-01-15 04:00:25,STORY,"BTC, ^GSPC, BTC-USD",yahoo,0.4,Bullish,Tech
BTC,Bitcoin ETFs hit $100B in year 1: Bitwise CIO talks 2025 growth,No summary available.,Yahoo Finance Video,https://finance.yahoo.com/video/bitcoin-etfs-hit-100b-1-224926929.html,2025-01-10 15:49:26,VIDEO,"BITW, BITO, BTC, BTC-USD, BTCW, BITQ, BITC, BTCO, IBIT, ARKB, GBTC, HODL, BITB",yahoo,0.4,Bullish,Tech
BTC,Solana ETF Approval Gains Momentum for 2025,No summary available.,etf.com,https://finance.yahoo.com/m/a0de20cc-43ed-3a34-a8d6-52375d644ae9/solana-etf-approval-gains.html,2025-01-03 07:00:00,STORY,"ETHA, IBIT, BTC",yahoo,0.4,Bullish,Tech
BTC,The 4 groups of bitcoin people to know: Morning Brief,No summary available.,Yahoo Finance,https://finance.yahoo.com/news/the-4-groups-of-bitcoin-people-to-know-morning-brief-110002773.html,2024-12-06 04:00:02,STORY,"BTC, MSTR",yahoo,0.4,Bullish,Tech
BTC,"November gains, bitcoin ETF inflows, Black Friday: 3 Things",No summary available.,Yahoo Finance Video,https://finance.yahoo.com/video/november-gains-bitcoin-etf-inflows-141853893.html,2024-11-29 07:18:53,VIDEO,"BITO, GBTC, BTC-USD, IBIT, HODL, ES=F, M, NQ=F, DX-Y.NYB, BITI, YM=F, JWN, KSS, BITC, ARKB, BTC, BITB",yahoo,0.4,Bullish,Tech
BTC,Bitcoin is doing the thing it needs to do: Morning Brief,No summary available.,Yahoo Finance,https://finance.yahoo.com/news/bitcoin-is-doing-the-thing-it-needs-to-do-morning-brief-110032985.html,2024-11-22 04:00:32,STORY,"BTC-USD, BTC, MSTR",yahoo,0.4,Bullish,Tech
BTC,"Bitcoin jumps back above $98,000 after SEC announces Gary Gensler will step down",No summary available.,Yahoo Finance,https://finance.yahoo.com/news/bitcoin-jumps-back-above-98000-after-sec-announces-gary-gensler-will-step-down-182502440.html,2024-11-21 11:25:02,STORY,"BTC-USD, BTC",yahoo,0.4,Bullish,Tech
BTC,'All lights are green' for bitcoin: CoinDesk executive,No summary available.,Yahoo Finance Video,https://finance.yahoo.com/video/lights-green-bitcoin-coindesk-executive-160459343.html,2024-11-11 09:04:59,VIDEO,"SOL, CU=F, DOGE-USD, BTC",yahoo,0.4,Bullish,Tech
GME,GameStop makes a drastic move amid weak sales,No summary available.,TheStreet,https://finance.yahoo.com/m/5f79ebb7-890b-3980-9111-eab5ba93e84e/gamestop-makes-a-drastic-move.html,2025-01-23 14:37:00,STORY,GME,yahoo,0.4,Bullish,Tech
GME,Hindenburg Research shutting down highlights 'wear and tear' of activist short-selling,No summary available.,Yahoo Finance,https://finance.yahoo.com/news/hindenburg-research-shutting-down-highlights-wear-and-tear-of-activist-short-selling-143652817.html,2025-01-22 07:36:52,STORY,"GME, AMC, SMCI, NKLA, IEP",yahoo,0.4,Bullish,Tech
GME,Why GameStop Corp. (GME) Crashed Last Week,No summary available.,Insider Monkey,https://finance.yahoo.com/news/why-gamestop-corp-gme-crashed-055747341.html,2025-01-19 22:57:47,STORY,GME,yahoo,0.4,Bullish,Tech
GME,Wall Street’s Pre-Eminent Short Seller Is Calling It Quits,No summary available.,The Wall Street Journal,https://finance.yahoo.com/m/54263336-2736-3978-9a25-27ed7a5052c0/wall-street%E2%80%99s-pre-eminent.html,2025-01-15 14:27:00,STORY,"IEP, RBLX, GME, SMCI, NKLA",yahoo,0.4,Bullish,Tech
GME,Why GME And BCE Are Slumping Today,No summary available.,Insider Monkey,https://finance.yahoo.com/news/why-gme-bce-slumping-today-185804276.html,2025-01-14 11:58:04,STORY,GME,yahoo,0.4,Bullish,Tech
GME,"Zacks Industry Outlook Highlights Flutter Entertainment, GameStop and GDEV",No summary available.,Zacks,https://finance.yahoo.com/news/zacks-industry-outlook-highlights-flutter-135000807.html,2025-01-10 06:50:00,STORY,"GME, FLUT, ^GSPC",yahoo,0.4,Bullish,Tech
GME,Why Is GameStop (GME) Up 13.8% Since Last Earnings Report?,No summary available.,Zacks,https://finance.yahoo.com/news/why-gamestop-gme-13-8-163011734.html,2025-01-09 09:30:11,STORY,GME,yahoo,0.4,Bullish,Tech
GME,3 Gaming Stocks Set to Capitalize on Promising Industry Trends,No summary available.,Zacks,https://finance.yahoo.com/news/3-gaming-stocks-set-capitalize-144000003.html,2025-01-09 07:40:00,STORY,"^GSPC, GME, FLUT",yahoo,0.4,Bullish,Tech
MU,Why Micron (MU) Stock Is Nosediving,No summary available.,StockStory,https://finance.yahoo.com/news/why-micron-mu-stock-nosediving-200717207.html,2025-01-23 13:07:17,STORY,"NVDA, MU",yahoo,0.4,Bullish,Tech
MU,Is Micron Technology (MU) Among the Undervalued Semiconductor Stocks to Buy According to Analysts?,No summary available.,Insider Monkey,https://finance.yahoo.com/news/micron-technology-mu-among-undervalued-192234884.html,2025-01-23 12:22:34,STORY,MU,yahoo,0.4,Bullish,Tech
MU,Why Micron Technology Stock Is Sinking Today,No summary available.,Motley Fool,https://finance.yahoo.com/m/296c31ad-a0d3-3cf7-a6ac-f231e0880a55/why-micron-technology-stock.html,2025-01-23 12:18:25,STORY,"MU, NVDA",yahoo,0.4,Bullish,Tech
MU,Chip stocks fall as Nvidia supplier highlights market uncertainty,No summary available.,Yahoo Finance,https://finance.yahoo.com/news/chip-stocks-fall-as-nvidia-supplier-highlights-market-uncertainty-150914100.html,2025-01-23 08:09:14,STORY,"AVGO, 000660.KS, AMD, NVDA, ARM, MU, ^SOX",yahoo,0.4,Bullish,Tech
MU,"If I Could Buy Only 1 AI Stock, This Would Be It",No summary available.,Motley Fool,https://finance.yahoo.com/m/4691bfbc-9160-39de-975b-64f988ffe5f9/if-i-could-buy-only-1-ai.html,2025-01-23 06:43:00,STORY,MU,yahoo,0.4,Bullish,Tech
MU,Why Is Prem Watsa Bullish On Micron Technology (MU) Now?,No summary available.,Insider Monkey,https://finance.yahoo.com/news/why-prem-watsa-bullish-micron-131007100.html,2025-01-23 06:10:07,STORY,"MU, FAXRF",yahoo,0.4,Bullish,Tech
MU,Nvidia Supplier SK Hynix Posts Record Profit on AI Boom,No summary available.,The Wall Street Journal,https://finance.yahoo.com/m/c113e845-ba87-37ec-8dac-6b5077351de4/nvidia-supplier-sk-hynix.html,2025-01-22 19:04:00,STORY,"MU, NVDA",yahoo,0.4,Bullish,Tech
MU,"Micron Technology, Inc. (MU): An Undervalued Chip Stock Near 52-Week Lows",No summary available.,Insider Monkey,https://finance.yahoo.com/news/micron-technology-inc-mu-undervalued-012105516.html,2025-01-21 18:21:05,STORY,MU,yahoo,0.4,Bullish,Tech
TSLA,The Trump-Musk Bromance Is as Strong as Ever Despite Tesla CEO’s Stargate Diss,No summary available.,Barrons.com,https://finance.yahoo.com/m/7f8f9de8-7e66-3265-86a9-f5e837271050/the-trump-musk-bromance-is-as.html,2025-01-23 14:36:00,STORY,"TSLA, ORCL, NVDA",yahoo,0.4,Bullish,Tech
TSLA,Tesla Just Raised Prices in a Key Market. What It Means for the Stock.,No summary available.,Barrons.com,https://finance.yahoo.com/m/ae1edaef-311a-3a14-92ed-52c74ba69ec5/tesla-just-raised-prices-in-a.html,2025-01-23 14:16:00,STORY,TSLA,yahoo,0.4,Bullish,Tech
TSLA,Is Tesla Stock A Buy Or A Sell Amid Donald Trump's White House Return And Q4 Earnings?,No summary available.,Investor's Business Daily,https://finance.yahoo.com/m/7ba4c6e9-e00c-3c14-a4f5-caaf8dfbc5b9/is-tesla-stock-a-buy-or-a.html,2025-01-23 14:03:12,STORY,TSLA,yahoo,0.4,Bullish,Tech
TSLA,"Top Research Reports for Tesla, UnitedHealth & Oracle",No summary available.,Zacks,https://finance.yahoo.com/news/top-research-reports-tesla-unitedhealth-200900658.html,2025-01-23 13:09:00,STORY,"ORCL, TSLA, UNH, ETST, ETN",yahoo,0.4,Bullish,Tech
TSLA,Big Tech faces key earnings test,No summary available.,Yahoo Finance Video,https://finance.yahoo.com/video/big-tech-faces-key-earnings-190000210.html,2025-01-23 12:00:00,VIDEO,"META, TSLA, MSFT",yahoo,0.4,Bullish,Tech
TSLA,"Tesla Expected to Temper Vehicle Sales Growth Expectation, Oppenheimer Says",No summary available.,MT Newswires,https://finance.yahoo.com/news/tesla-expected-temper-vehicle-sales-180642251.html,2025-01-23 11:06:42,STORY,TSLA,yahoo,0.4,Bullish,Tech
TSLA,"Magnificent Seven Stocks: Nvidia, Tesla Slide; Meta Nears Buy Point",No summary available.,Investor's Business Daily,https://finance.yahoo.com/m/4205eaa9-f620-3a0b-a81a-0e82c7c9fd0b/magnificent-seven-stocks%3A.html,2025-01-23 10:35:42,STORY,"NVDA, AAPL, TSLA, META, MSFT",yahoo,0.4,Bullish,Tech
TSLA,Tesla Q4 Earnings Preview: What's at Stake for Investors?,No summary available.,GuruFocus.com,https://finance.yahoo.com/news/tesla-q4-earnings-preview-whats-170016428.html,2025-01-23 10:00:16,STORY,TSLA,yahoo,0.4,Bullish,Tech
NFLX,Roku Stock Sees RS Rating Climb To 79,No summary available.,Investor's Business Daily,https://finance.yahoo.com/m/1cc369f7-0b03-3e39-b0ee-c91301053ff4/roku-stock-sees-rs-rating.html,2025-01-23 15:02:00,STORY,"ROKU, NFLX",yahoo,0.4,Bullish,Tech
NFLX,Netflix Stock Is on Pace for New High. Earnings ‘Buried’ This Analyst’s Concerns.,No summary available.,Barrons.com,https://finance.yahoo.com/m/7ede30a5-d254-30d8-ab9a-8140d7d8ca17/netflix-stock-is-on-pace-for.html,2025-01-23 13:36:00,STORY,NFLX,yahoo,0.4,Bullish,Tech
NFLX,Why Netflix Inc. (NFLX) Is Gaining On Earnings Optimism Now,No summary available.,Insider Monkey,https://finance.yahoo.com/news/why-netflix-inc-nflx-gaining-201826673.html,2025-01-23 13:18:26,STORY,NFLX,yahoo,0.4,Bullish,Tech
NFLX,Netflix Q4 Earnings Impress: Buy on Each Dip and Hold for Long Term,No summary available.,Zacks,https://finance.yahoo.com/news/netflix-q4-earnings-impress-buy-190000788.html,2025-01-23 12:00:00,STORY,"NFLX, ^GSPC",yahoo,0.4,Bullish,Tech
NFLX,The 1 Big Problem Netflix’s Earnings Revealed for the Stock Market,No summary available.,Barrons.com,https://finance.yahoo.com/m/f3bd1273-4fa8-3139-85b7-c7122d1acee2/the-1-big-problem-netflix%E2%80%99s.html,2025-01-23 11:49:00,STORY,NFLX,yahoo,0.4,Bullish,Tech
NFLX,"Magnite, Inc. (MGNI): A Bull Case Theory",No summary available.,Insider Monkey,https://finance.yahoo.com/news/magnite-inc-mgni-bull-case-180954724.html,2025-01-23 11:09:54,STORY,"MGNI, NFLX",yahoo,0.4,Bullish,Tech
NFLX,Netflix leads studios and streamers with 16 Oscar nominations and a shot at best picture,No summary available.,LA Times,https://finance.yahoo.com/m/5aad228b-33d4-3bf4-b5cf-4b09cfd89146/netflix-leads-studios-and.html,2025-01-23 11:00:28,STORY,NFLX,yahoo,0.4,Bullish,Tech
NFLX,It’s not just Netflix. Here’s how much streaming prices have gone up in the past 5 years,No summary available.,Fortune,https://finance.yahoo.com/news/not-just-netflix-much-streaming-171346220.html,2025-01-23 10:13:46,STORY,NFLX,yahoo,0.4,Bullish,Tech
ZG,"Housing Shortage, Not Volatile Rates, Is Biggest Obstacle for Buyers, Zillow CEO Says",No summary available.,The Wall Street Journal,https://finance.yahoo.com/m/79209cfb-e304-377c-a2be-c20ccd4ff720/housing-shortage%2C-not.html,2025-01-23 13:03:00,STORY,"Z, ZG",yahoo,0.4,Bullish,Tech
ZG,"Single-family rents reach record high, 20% above apartments",No summary available.,PR Newswire,https://finance.yahoo.com/news/single-family-rents-reach-record-130000484.html,2025-01-22 06:00:00,STORY,"Z, ZG",yahoo,0.4,Bullish,Tech
ZG,Zillow Group to Announce Fourth-Quarter and Full-Year 2024 Results Feb. 11,No summary available.,PR Newswire,https://finance.yahoo.com/news/zillow-group-announce-fourth-quarter-210500349.html,2025-01-21 14:05:00,STORY,"Z, ZG",yahoo,0.4,Bullish,Tech
ZG,"Zillow, Redfin, Opendoor Likely to See Q4 Beat; Still Facing Challenging Market, BofA Says",No summary available.,MT Newswires,https://finance.yahoo.com/news/zillow-redfin-opendoor-likely-see-163001409.html,2025-01-21 09:30:01,STORY,"OPEN, ZG, RDFN",yahoo,0.4,Bullish,Tech
ZG,Want Better Returns? Don't Ignore These 2 Finance Stocks Set to Beat Earnings,No summary available.,Zacks,https://finance.yahoo.com/news/want-better-returns-dont-ignore-140010949.html,2025-01-21 07:00:10,STORY,"ARES, ZG",yahoo,0.4,Bullish,Tech
ZG,BEKE or Z: Which Is the Better Value Stock Right Now?,No summary available.,Zacks,https://finance.yahoo.com/news/beke-z-better-value-stock-164008230.html,2025-01-20 09:40:08,STORY,"BEKE, ZG",yahoo,0.4,Bullish,Tech
ZG,"LA wildfires drive surge in rental housing prices, prompting price gouging concerns",No summary available.,Fox Business,https://finance.yahoo.com/m/49ab5c06-db58-3cac-b69b-b836e5ff9aad/la-wildfires-drive-surge-in.html,2025-01-19 08:00:19,STORY,ZG,yahoo,0.4,Bullish,Tech
ZG,$300 Million Turned to Ash: See How These Malibu Beach Homes Were Wiped Out,No summary available.,The Wall Street Journal,https://finance.yahoo.com/m/c719a256-2e9d-3b70-b62f-5fb92a6cda3e/%24300-million-turned-to-ash%3A.html,2025-01-18 19:00:00,STORY,"Z, ZG",yahoo,0.4,Bullish,Tech
AVGO,S&P on Track to Hit New Record High on AI Optimism: 4 Stocks to Buy,No summary available.,Zacks,https://finance.yahoo.com/news/p-track-hit-record-high-190000174.html,2025-01-23 12:00:00,STORY,"^GSPC, AVGO, AMZN, NVDA, ANET",yahoo,0.4,Bullish,Tech
AVGO,Network Stocks Are a Winner From Stargate AI News,No summary available.,Barrons.com,https://finance.yahoo.com/m/87946d32-f3d2-3a8b-8fab-5982891e0e16/network-stocks-are-a-winner.html,2025-01-23 11:21:00,STORY,"NVDA, AVGO, ANET",yahoo,0.4,Bullish,Tech
AVGO,Dow Jones Retail Giant Amazon Breaks Out; Broadcom Stock Nears Buy Point,No summary available.,Investor's Business Daily,https://finance.yahoo.com/m/0e6c8366-2ec2-3329-b5d8-29a2c8888d98/dow-jones-retail-giant-amazon.html,2025-01-23 10:57:03,STORY,"HWM, AVGO, AMZN, NOW, SPOT",yahoo,0.4,Bullish,Tech
AVGO,"If You Invested $10,000 In Broadcom Stock 10 Years Ago, How Much Would You Have Now?",No summary available.,Benzinga,https://finance.yahoo.com/news/invested-10-000-broadcom-stock-164513722.html,2025-01-23 09:45:13,STORY,AVGO,yahoo,0.4,Bullish,Tech
AVGO,Chip stocks fall as Nvidia supplier highlights market uncertainty,No summary available.,Yahoo Finance,https://finance.yahoo.com/news/chip-stocks-fall-as-nvidia-supplier-highlights-market-uncertainty-150914100.html,2025-01-23 08:09:14,STORY,"AVGO, 000660.KS, AMD, NVDA, ARM, MU, ^SOX",yahoo,0.4,Bullish,Tech
AVGO,Here's Why Broadcom Inc. (AVGO) Gained But Lagged the Market Today,No summary available.,Zacks,https://finance.yahoo.com/news/heres-why-broadcom-inc-avgo-224519118.html,2025-01-22 15:45:19,STORY,AVGO,yahoo,0.4,Bullish,Tech
AVGO,Why Broadcom Inc. (AVGO) Among the Best Semiconductor Stocks to Buy for the AI Boom,No summary available.,Insider Monkey,https://finance.yahoo.com/news/why-broadcom-inc-avgo-among-214902920.html,2025-01-22 14:49:02,STORY,AVGO,yahoo,0.4,Bullish,Tech
AVGO,"Nvidia, Palantir And Google Fuel This List Of 23 'Perfect' Stocks",No summary available.,Investor's Business Daily,https://finance.yahoo.com/m/8980de89-7192-33f0-9ef0-1182d1acd5be/nvidia%2C-palantir-and-google.html,2025-01-22 13:55:21,STORY,"META, GOOG, NFLX, NVDA, AVGO, PLTR",yahoo,0.4,Bullish,Tech
SMCI,Super Micro Computer (SMCI) Stock Falls Amid Market Uptick: What Investors Need to Know,No summary available.,Zacks,https://finance.yahoo.com/news/super-micro-computer-smci-stock-224521672.html,2025-01-23 15:45:21,STORY,"SMCI, ^GSPC",yahoo,0.4,Bullish,Tech
SMCI,"Loop Capital Adjusts Super Micro Computer Price Target to $40 From $35, Maintains Buy Rating",No summary available.,MT Newswires,https://finance.yahoo.com/news/loop-capital-adjusts-super-micro-170219839.html,2025-01-23 10:02:19,STORY,SMCI,yahoo,0.4,Bullish,Tech
SMCI,Super Micro to $40? Loop Capital Sees 19% Upside but Risks Loom,No summary available.,GuruFocus.com,https://finance.yahoo.com/news/super-micro-40-loop-capital-161147306.html,2025-01-23 09:11:47,STORY,SMCI,yahoo,0.4,Bullish,Tech
SMCI,Super Micro's AI Bet: Loop Sees Growth Ahead Despite a Rocky Start to 2025,No summary available.,GuruFocus.com,https://finance.yahoo.com/news/super-micros-ai-bet-loop-154933169.html,2025-01-23 08:49:33,STORY,SMCI,yahoo,0.4,Bullish,Tech
SMCI,SMCI Stock Falls Despite Price Target Boost to $40,No summary available.,GuruFocus.com,https://finance.yahoo.com/news/smci-stock-falls-despite-price-153136361.html,2025-01-23 08:31:36,STORY,SMCI,yahoo,0.4,Bullish,Tech
SMCI,"Tesla, Electronic Arts, Super Micro: Trending Tickers",No summary available.,Yahoo Finance Video,https://finance.yahoo.com/video/tesla-electronic-arts-super-micro-153036096.html,2025-01-23 08:30:36,VIDEO,"SMCI, EA, TSLA",yahoo,0.4,Bullish,Tech
SMCI,Is AI out of control? HPE CEO says it's up in the air.,No summary available.,Yahoo Finance,https://finance.yahoo.com/news/is-ai-out-of-control-hpe-ceo-says-its-up-in-the-air-150002290.html,2025-01-23 08:00:02,STORY,"NVDA, DELL, META, AMD, CRM, HPE, HPQ, TSLA, AMZN, SMCI, ^IXIC",yahoo,0.4,Bullish,Tech
SMCI,US Growth Companies With High Insider Ownership In January 2025,No summary available.,Simply Wall St.,https://finance.yahoo.com/news/us-growth-companies-high-insider-110136570.html,2025-01-23 04:01:36,STORY,"ONON, APP, SMCI",yahoo,0.4,Bullish,Tech
GLW,GLW Deploys Gorilla Armor 2 in Samsung Galaxy S25 Ultra Devices,No summary available.,Zacks,https://finance.yahoo.com/news/glw-deploys-gorilla-armor-2-162300739.html,2025-01-23 09:23:00,STORY,"GLW, SSNLF",yahoo,0.4,Bullish,Tech
GLW,Is Corning Incorporated (GLW) the Best Diversified Dividend Stock to Buy Now?,No summary available.,Insider Monkey,https://finance.yahoo.com/news/corning-incorporated-glw-best-diversified-155906721.html,2025-01-23 08:59:06,STORY,GLW,yahoo,0.4,Bullish,Tech
GLW,Exploring High Growth Tech Stocks in January 2025,No summary available.,Simply Wall St.,https://finance.yahoo.com/news/exploring-high-growth-tech-stocks-140449512.html,2025-01-23 07:04:49,STORY,"APH, GLW, ORCL",yahoo,0.4,Bullish,Tech
GLW,"Samsung Galaxy S25 Ultra Introduces Corning® Gorilla® Armor 2, the Industry’s First Anti-Reflective Glass Ceramic for Mobile Devices",No summary available.,Business Wire,https://finance.yahoo.com/news/samsung-galaxy-s25-ultra-introduces-180100895.html,2025-01-22 11:01:00,STORY,GLW,yahoo,0.4,Bullish,Tech
GLW,Why Corning (GLW) is a Top Momentum Stock for the Long-Term,No summary available.,Zacks,https://finance.yahoo.com/news/why-corning-glw-top-momentum-145011668.html,2025-01-22 07:50:11,STORY,GLW,yahoo,0.4,Bullish,Tech
GLW,"Corning (NYSE:GLW) investors are up 5.1% in the past week, but earnings have declined over the last five years",No summary available.,Simply Wall St.,https://finance.yahoo.com/news/corning-nyse-glw-investors-5-102217227.html,2025-01-21 03:22:17,STORY,GLW,yahoo,0.4,Bullish,Tech
GLW,"UBS Raises Price Target on Corning to $52 From $51, Keeps Neutral Rating",No summary available.,MT Newswires,https://finance.yahoo.com/news/ubs-raises-price-target-corning-131621646.html,2025-01-10 06:16:21,STORY,GLW,yahoo,0.4,Bullish,Tech
GLW,3 US Stocks Estimated To Be Trading Up To 36% Below Intrinsic Value,No summary available.,Simply Wall St.,https://finance.yahoo.com/news/3-us-stocks-estimated-trading-100213763.html,2025-01-07 03:02:13,STORY,"ONTO, GLW, COHR",yahoo,0.4,Bullish,Tech
HAL,Analyst Report: Halliburton Co.,No summary available.,Argus Research,https://finance.yahoo.com/m/8cc29903-7e22-371e-a495-7023de74ddff/analyst-report%3A-halliburton.html,2025-01-23 10:47:10,STORY,HAL,yahoo,0.4,Bullish,Tech
HAL,"Market Update: HAL, KEY, AAL",No summary available.,Argus Research,https://finance.yahoo.com/m/f4abc257-f20a-3a66-9e7e-fa0e2f2bce6a/market-update%3A-hal%2C-key%2C-aal.html,2025-01-23 10:32:10,STORY,"KEY, AAL, HAL",yahoo,0.4,Bullish,Tech
HAL,"Susquehanna Adjusts Halliburton Price Target to $35 From $37, Maintains Positive Rating",No summary available.,MT Newswires,https://finance.yahoo.com/news/susquehanna-adjusts-halliburton-price-target-164959709.html,2025-01-23 09:49:59,STORY,HAL,yahoo,0.4,Bullish,Tech
HAL,"Goldman Sachs Adjusts Halliburton Price Target to $34 From $36, Maintains Buy Rating",No summary available.,MT Newswires,https://finance.yahoo.com/news/goldman-sachs-adjusts-halliburton-price-164253900.html,2025-01-23 09:42:53,STORY,HAL,yahoo,0.4,Bullish,Tech
HAL,"JPMorgan Adjusts Halliburton Price Target to $35 From $33, Maintains Overweight Rating",No summary available.,MT Newswires,https://finance.yahoo.com/news/jpmorgan-adjusts-halliburton-price-target-164237001.html,2025-01-23 09:42:37,STORY,HAL,yahoo,0.4,Bullish,Tech
HAL,"Barclays Adjusts Halliburton Price Target to $30 From $32, Maintains Equal Weight Rating",No summary available.,MT Newswires,https://finance.yahoo.com/news/barclays-adjusts-halliburton-price-target-164224316.html,2025-01-23 09:42:24,STORY,HAL,yahoo,0.4,Bullish,Tech
HAL,"Stifel Nicolaus Adjusts Halliburton Price Target to $37 From $42, Maintains Buy Rating",No summary available.,MT Newswires,https://finance.yahoo.com/news/stifel-nicolaus-adjusts-halliburton-price-163647496.html,2025-01-23 09:36:47,STORY,HAL,yahoo,0.4,Bullish,Tech
HAL,Capital One Trims Price Target on Halliburton to $34 From $35,No summary available.,MT Newswires,https://finance.yahoo.com/news/capital-one-trims-price-target-144210367.html,2025-01-23 07:42:10,STORY,HAL,yahoo,0.4,Bullish,Tech
LMT,Lockheed Martin (LMT) Stock Sinks As Market Gains: Here's Why,No summary available.,Zacks,https://finance.yahoo.com/news/lockheed-martin-lmt-stock-sinks-230023635.html,2025-01-23 16:00:23,STORY,LMT,yahoo,0.4,Bullish,Tech
LMT,Stay Ahead of the Game With Lockheed (LMT) Q4 Earnings: Wall Street's Insights on Key Metrics,No summary available.,Zacks,https://finance.yahoo.com/news/stay-ahead-game-lockheed-lmt-141528374.html,2025-01-23 07:15:28,STORY,LMT,yahoo,0.4,Bullish,Tech
LMT,Lockheed Secures a Contract to Support Foreign Military Sales,No summary available.,Zacks,https://finance.yahoo.com/news/lockheed-secures-contract-support-foreign-103100155.html,2025-01-23 03:31:00,STORY,"LMT, AIR, BAESY",yahoo,0.4,Bullish,Tech
LMT,Lockheed Stock Before Q4 Earnings: Should You Buy Now or Wait for Results?,No summary available.,Zacks,https://finance.yahoo.com/news/lockheed-stock-q4-earnings-buy-184600666.html,2025-01-22 11:46:00,STORY,LMT,yahoo,0.4,Bullish,Tech
LMT,Lockheed Martin Wins $270 Million US Air Force Contract,No summary available.,MT Newswires,https://finance.yahoo.com/news/lockheed-martin-wins-270-million-150148578.html,2025-01-22 08:01:48,STORY,LMT,yahoo,0.4,Bullish,Tech
LMT,General Dynamics (GD) Earnings Expected to Grow: What to Know Ahead of Next Week's Release,No summary available.,Zacks,https://finance.yahoo.com/news/general-dynamics-gd-earnings-expected-150042861.html,2025-01-22 08:00:42,STORY,"GD, LMT",yahoo,0.4,Bullish,Tech
LMT,Lockheed Martin Corporation (LMT) is Attracting Investor Attention: Here is What You Should Know,No summary available.,Zacks,https://finance.yahoo.com/news/lockheed-martin-corporation-lmt-attracting-140012901.html,2025-01-22 07:00:12,STORY,LMT,yahoo,0.4,Bullish,Tech
LMT,Why Investors Need to Take Advantage of These 2 Aerospace Stocks Now,No summary available.,Zacks,https://finance.yahoo.com/news/why-investors-advantage-2-aerospace-140008165.html,2025-01-22 07:00:08,STORY,LMT,yahoo,0.4,Bullish,Tech
AMZN,Trump opens a divide between US and EU over Big Tech,No summary available.,Yahoo Finance,https://finance.yahoo.com/news/trump-opens-a-divide-between-us-and-eu-over-big-tech-213413056.html,2025-01-23 14:34:13,STORY,"GOOG, META, MSFT, AAPL, AMZN",yahoo,0.4,Bullish,Tech
AMZN,Amazon is resuming green-card applications under Trump,No summary available.,Quartz,https://finance.yahoo.com/news/amazon-reportedly-resumes-green-card-195900185.html,2025-01-23 14:34:06,STORY,AMZN,yahoo,0.4,Bullish,Tech
AMZN,"Amazon to Shutter Quebec Warehouses, Costing 1,700 Permanent Employees Their Jobs",No summary available.,Sourcing Journal,https://finance.yahoo.com/m/5a2020ac-5d53-3bbe-8dd1-3edd298c9025/amazon-to-shutter-quebec.html,2025-01-23 14:28:28,STORY,AMZN,yahoo,0.4,Bullish,Tech
AMZN,Amazon.com to Webcast Fourth Quarter 2024 Financial Results Conference Call,No summary available.,Business Wire,https://finance.yahoo.com/news/amazon-com-webcast-fourth-quarter-210100050.html,2025-01-23 14:01:00,STORY,AMZN,yahoo,0.4,Bullish,Tech
AMZN,Is Amazon.com (AMZN) Among Billionaire Dan Loeb’s Top Stock Picks?,No summary available.,Insider Monkey,https://finance.yahoo.com/news/amazon-com-amzn-among-billionaire-194814790.html,2025-01-23 12:48:14,STORY,"AMZN, TPNTF",yahoo,0.4,Bullish,Tech
AMZN,S&P on Track to Hit New Record High on AI Optimism: 4 Stocks to Buy,No summary available.,Zacks,https://finance.yahoo.com/news/p-track-hit-record-high-190000174.html,2025-01-23 12:00:00,STORY,"^GSPC, AVGO, AMZN, NVDA, ANET",yahoo,0.4,Bullish,Tech
AMZN,"Apple 2025 Outlook: AI Gets IQ Boost, Possible Smart Home Products",No summary available.,Investor's Business Daily,https://finance.yahoo.com/m/0df94b1f-418c-3bdb-9d48-4ec50838622f/apple-2025-outlook%3A-ai-gets.html,2025-01-23 11:46:55,STORY,"AMZN, AAPL, META, GOOG",yahoo,0.4,Bullish,Tech
AMZN,Dow Jones Retail Giant Amazon Breaks Out; Broadcom Stock Nears Buy Point,No summary available.,Investor's Business Daily,https://finance.yahoo.com/m/0e6c8366-2ec2-3329-b5d8-29a2c8888d98/dow-jones-retail-giant-amazon.html,2025-01-23 10:57:03,STORY,"HWM, AVGO, AMZN, NOW, SPOT",yahoo,0.4,Bullish,Tech
CRM,"IBD 50 Stock In Huge Demand — With Ties To Shopify, Google And Meta",No summary available.,Investor's Business Daily,https://finance.yahoo.com/m/aed87e43-725f-39b2-8531-1c08e0b941e7/ibd-50-stock-in-huge-demand-%E2%80%94.html,2025-01-23 13:37:35,STORY,"META, GLBE, GOOG, CRM, SHOP",yahoo,0.4,Bullish,Tech
CRM,"Salesforce, Inc. (CRM): Must-Watch High-Flying AI Stock This Week",No summary available.,Insider Monkey,https://finance.yahoo.com/news/salesforce-inc-crm-must-watch-184226617.html,2025-01-23 11:42:26,STORY,CRM,yahoo,0.4,Bullish,Tech
CRM,"OpenAI’s ‘Operator’ Agent Can Buy Groceries, File Expense Reports",No summary available.,The Wall Street Journal,https://finance.yahoo.com/m/fcb9f2af-543a-3853-aef9-9520793bca53/openai%E2%80%99s-%E2%80%98operator%E2%80%99-agent-can.html,2025-01-23 11:00:00,STORY,"CART, MSFT, ETSY, UBER, NWS, NWSA, NWSAL, EBAY, AAPL, CRM",yahoo,0.4,Bullish,Tech
CRM,"Salesforce Projects Surge in AI Product Deals, Highlights Google's AI Leadership",No summary available.,GuruFocus.com,https://finance.yahoo.com/news/salesforce-projects-surge-ai-product-172859902.html,2025-01-23 10:28:59,STORY,"GOOG, CRM",yahoo,0.4,Bullish,Tech
CRM,Salesforce's AI Agents Pivot Is Already Showing Results,No summary available.,Benzinga,https://finance.yahoo.com/news/salesforces-ai-agents-pivot-already-152934618.html,2025-01-23 08:29:34,STORY,"CRM, MSFT",yahoo,0.4,Bullish,Tech
CRM,Is AI out of control? HPE CEO says it's up in the air.,No summary available.,Yahoo Finance,https://finance.yahoo.com/news/is-ai-out-of-control-hpe-ceo-says-its-up-in-the-air-150002290.html,2025-01-23 08:00:02,STORY,"NVDA, DELL, META, AMD, CRM, HPE, HPQ, TSLA, AMZN, SMCI, ^IXIC",yahoo,0.4,Bullish,Tech
CRM,Should You Expect a Boost in Salesforce’s (CRM) Revenue Growth in 2025?,No summary available.,Insider Monkey,https://finance.yahoo.com/news/expect-boost-salesforce-crm-revenue-125232848.html,2025-01-23 05:52:32,STORY,CRM,yahoo,0.4,Bullish,Tech
CRM,AI Agentforce to help fuel a rally in Salesforce stock: analyst,No summary available.,Investing.com,https://finance.yahoo.com/news/ai-agentforce-help-fuel-rally-122248072.html,2025-01-23 05:22:48,STORY,CRM,yahoo,0.4,Bullish,Tech
NOW,ServiceNow (NOW) Outpaces Stock Market Gains: What You Should Know,No summary available.,Zacks,https://finance.yahoo.com/news/servicenow-now-outpaces-stock-market-225018489.html,2025-01-23 15:50:18,STORY,NOW,yahoo,0.4,Bullish,Tech
NOW,"ServiceNow, Inc. (NOW): Must-Watch High-Flying AI Stock This Week",No summary available.,Insider Monkey,https://finance.yahoo.com/news/servicenow-inc-now-must-watch-184701525.html,2025-01-23 11:47:01,STORY,NOW,yahoo,0.4,Bullish,Tech
NOW,Dow Jones Retail Giant Amazon Breaks Out; Broadcom Stock Nears Buy Point,No summary available.,Investor's Business Daily,https://finance.yahoo.com/m/0e6c8366-2ec2-3329-b5d8-29a2c8888d98/dow-jones-retail-giant-amazon.html,2025-01-23 10:57:03,STORY,"HWM, AVGO, AMZN, NOW, SPOT",yahoo,0.4,Bullish,Tech
NOW,Why AI Stock ServiceNow Topped the Market Today,No summary available.,Motley Fool,https://finance.yahoo.com/m/abf0d13f-7f92-3f46-baa8-720c160da85e/why-ai-stock-servicenow.html,2025-01-22 16:23:10,STORY,NOW,yahoo,0.4,Bullish,Tech
NOW,ServiceNow (NOW) Earnings Expected to Grow: What to Know Ahead of Next Week's Release,No summary available.,Zacks,https://finance.yahoo.com/news/servicenow-now-earnings-expected-grow-150046643.html,2025-01-22 08:00:46,STORY,NOW,yahoo,0.4,Bullish,Tech
NOW,"ServiceNow, Inc. (NOW): Driving Enterprise Workflow Automation and AI Revenue Growth",No summary available.,Insider Monkey,https://finance.yahoo.com/news/servicenow-inc-now-driving-enterprise-225458474.html,2025-01-21 15:54:58,STORY,NOW,yahoo,0.4,Bullish,Tech
NOW,This Is What Nvidia Says Could Be the Next Big Trend in Artificial Intelligence. These 3 Stocks Could Be Big Winners,No summary available.,Motley Fool,https://finance.yahoo.com/m/7dfb5bf9-5f3f-3d3b-806f-3c4922d33a3a/this-is-what-nvidia-says.html,2025-01-21 15:07:11,STORY,"NVDA, MSFT, CRM, NOW",yahoo,0.4,Bullish,Tech
NOW,"ServiceNow Enhances Global Partner Program, Unlocking New Revenue and Market Opportunities for AI Solutions",No summary available.,Business Wire,https://finance.yahoo.com/news/servicenow-enhances-global-partner-program-210000123.html,2025-01-21 14:00:00,STORY,NOW,yahoo,0.4,Bullish,Tech
CHTR,Why Charter Communications (CHTR) Is Among the Best Socially Responsible Stocks to Buy According to Hedge Funds?,No summary available.,Insider Monkey,https://finance.yahoo.com/news/why-charter-communications-chtr-among-203010224.html,2025-01-23 13:30:10,STORY,CHTR,yahoo,0.4,Bullish,Tech
CHTR,Liberty Broadband Corporation Announces Virtual Special Meeting of Stockholders to Vote on Acquisition by Charter,No summary available.,Business Wire,https://finance.yahoo.com/news/liberty-broadband-corporation-announces-virtual-213700838.html,2025-01-22 14:37:00,STORY,"LBRDA, LBRDB, LBRDK, CHTR",yahoo,0.4,Bullish,Tech
CHTR,"Winners And Losers Of Q3: Verizon (NYSE:VZ) Vs The Rest Of The Wireless, Cable and Satellite Stocks",No summary available.,StockStory,https://finance.yahoo.com/news/winners-losers-q3-verizon-nyse-090408049.html,2025-01-22 02:04:08,STORY,"VZ, CABO, LUMN, WOW, CHTR",yahoo,0.4,Bullish,Tech
CHTR,Is Charter Communications (CHTR) the Cheap Value Stock to Invest in According to Warren Buffett?,No summary available.,Insider Monkey,https://finance.yahoo.com/news/charter-communications-chtr-cheap-value-205559496.html,2025-01-16 13:55:59,STORY,CHTR,yahoo,0.4,Bullish,Tech
CHTR,Charter price target lowered to $380 from $390 at RBC Capital,No summary available.,TipRanks,https://finance.yahoo.com/news/charter-price-target-lowered-380-123058347.html,2025-01-16 05:30:58,STORY,CHTR,yahoo,0.4,Bullish,Tech
CHTR,"Charter Communications' Q4 Performance Hit by Natural Disasters, Shifting Focus to Facility Restoration, RBC Says",No summary available.,MT Newswires,https://finance.yahoo.com/news/charter-communications-apos-q4-performance-171254161.html,2025-01-15 10:12:54,STORY,CHTR,yahoo,0.4,Bullish,Tech
CHTR,SPECTRUM OPENS APPLICATIONS FOR 2025-2026 CLASS OF SPECTRUM SCHOLARS,No summary available.,PR Newswire,https://finance.yahoo.com/news/spectrum-opens-applications-2025-2026-160000233.html,2025-01-15 09:00:00,STORY,CHTR,yahoo,0.4,Bullish,Tech
CHTR,"RBC Lowers Price Target on Charter Communications to $380 From $390, Keeps Sector Perform Rating",No summary available.,MT Newswires,https://finance.yahoo.com/news/rbc-lowers-price-target-charter-120119210.html,2025-01-15 05:01:19,STORY,CHTR,yahoo,0.4,Bullish,Tech
TDS,"Here’s Why Analysts Are Bullish on Telephone and Data Systems, Inc. (TDS)",No summary available.,Insider Monkey,https://finance.yahoo.com/news/why-analysts-bullish-telephone-data-225809125.html,2025-01-20 15:58:09,STORY,TDS,yahoo,0.4,Bullish,Tech
TDS,Telephone and Data Systems Inc. (TDS): Analysts Recommend This 52-Week High Stocks Now,No summary available.,Insider Monkey,https://finance.yahoo.com/news/telephone-data-systems-inc-tds-192811445.html,2025-01-15 12:28:11,STORY,TDS,yahoo,0.4,Bullish,Tech
TDS,"At US$33.43, Is It Time To Put Telephone and Data Systems, Inc. (NYSE:TDS) On Your Watch List?",No summary available.,Simply Wall St.,https://finance.yahoo.com/news/us-33-43-time-put-192941104.html,2025-01-09 12:29:41,STORY,"TDS, TDS-PU, TDS-PV",yahoo,0.4,Bullish,Tech
TDS,"A Look At The Intrinsic Value Of Telephone and Data Systems, Inc. (NYSE:TDS)",No summary available.,Simply Wall St.,https://finance.yahoo.com/news/look-intrinsic-value-telephone-data-110804396.html,2024-12-20 04:08:04,STORY,"TDS, TDS-PU, TDS-PV",yahoo,0.4,Bullish,Tech
TDS,Is Telephone and Data Systems Inc. (TDS) the Best Telecom Stock to Invest In Now?,No summary available.,Insider Monkey,https://finance.yahoo.com/news/telephone-data-systems-inc-tds-001333176.html,2024-12-13 17:13:33,STORY,TDS,yahoo,0.4,Bullish,Tech
TDS,TDS Stock Surges 85.3% YTD: Will This Uptrend Continue?,No summary available.,Zacks,https://finance.yahoo.com/news/tds-stock-surges-85-3-163200243.html,2024-12-03 09:32:00,STORY,"ZG, TDS, PLXS",yahoo,0.4,Bullish,Tech
TDS,Investors in Telephone and Data Systems (NYSE:TDS) have seen splendid returns of 116% over the past three years,No summary available.,Simply Wall St.,https://finance.yahoo.com/news/investors-telephone-data-systems-nyse-152027119.html,2024-11-29 08:20:27,STORY,"TDS, TDS-PU, TDS-PV",yahoo,0.4,Bullish,Tech
TDS,TDS announces fourth quarter 2024 dividends,No summary available.,PR Newswire,https://finance.yahoo.com/news/tds-announces-fourth-quarter-2024-210500786.html,2024-11-26 14:05:00,STORY,"TDS, TDS-PU, TDS-PV",yahoo,0.4,Bullish,Tech
META,Meta seeks urgent fix to AI chatbot's confusion on name of US president,No summary available.,Reuters,https://finance.yahoo.com/news/meta-seeks-urgent-fix-ai-235113522.html,2025-01-23 16:51:13,STORY,META,yahoo,0.4,Bullish,Tech
META,Trump opens a divide between US and EU over Big Tech,No summary available.,Yahoo Finance,https://finance.yahoo.com/news/trump-opens-a-divide-between-us-and-eu-over-big-tech-213413056.html,2025-01-23 14:34:13,STORY,"GOOG, META, MSFT, AAPL, AMZN",yahoo,0.4,Bullish,Tech
META,"How to delete your Facebook, Instagram, and Threads right now",No summary available.,Quartz,https://finance.yahoo.com/m/42f3e4c9-bccd-3ed9-b7d0-8d2a17b44c53/how-to-delete-your-facebook%2C.html,2025-01-23 14:03:00,STORY,META,yahoo,0.4,Bullish,Tech
META,"IBD 50 Stock In Huge Demand — With Ties To Shopify, Google And Meta",No summary available.,Investor's Business Daily,https://finance.yahoo.com/m/aed87e43-725f-39b2-8531-1c08e0b941e7/ibd-50-stock-in-huge-demand-%E2%80%94.html,2025-01-23 13:37:35,STORY,"META, GLBE, GOOG, CRM, SHOP",yahoo,0.4,Bullish,Tech
META,Is Meta Platforms (META) Among Billionaire Dan Loeb’s Top Stock Picks?,No summary available.,Insider Monkey,https://finance.yahoo.com/news/meta-platforms-meta-among-billionaire-195227618.html,2025-01-23 12:52:27,STORY,"TPNTF, META",yahoo,0.4,Bullish,Tech
META,Which US companies are pulling back on diversity initiatives?,No summary available.,Associated Press Finance,https://finance.yahoo.com/news/us-companies-pulling-back-diversity-194146074.html,2025-01-23 12:41:46,STORY,"META, TSCO, MCD, HOG",yahoo,0.4,Bullish,Tech
META,Big Tech faces key earnings test,No summary available.,Yahoo Finance Video,https://finance.yahoo.com/video/big-tech-faces-key-earnings-190000210.html,2025-01-23 12:00:00,VIDEO,"META, TSLA, MSFT",yahoo,0.4,Bullish,Tech
META,"Apple 2025 Outlook: AI Gets IQ Boost, Possible Smart Home Products",No summary available.,Investor's Business Daily,https://finance.yahoo.com/m/0df94b1f-418c-3bdb-9d48-4ec50838622f/apple-2025-outlook%3A-ai-gets.html,2025-01-23 11:46:55,STORY,"AMZN, AAPL, META, GOOG",yahoo,0.4,Bullish,Tech
RGTI,"Here’s Why Jim Cramer Says “Avoid Rigetti Computing, Inc. (RGTI)” Despite Quantum Computing Hype”",No summary available.,Insider Monkey,https://finance.yahoo.com/news/why-jim-cramer-says-avoid-005629446.html,2025-01-22 17:56:29,STORY,RGTIW,yahoo,0.4,Bullish,Tech
RGTI,"Rigetti Computing, Inc. (RGTI) Stock Dips While Market Gains: Key Facts",No summary available.,Zacks,https://finance.yahoo.com/news/rigetti-computing-inc-rgti-stock-230023977.html,2025-01-22 16:00:23,STORY,RGTIW,yahoo,0.4,Bullish,Tech
RGTI,"Why Rigetti Computing, Inc. (RGTI) Soared At The Start Of The Trading Week",No summary available.,Insider Monkey,https://finance.yahoo.com/news/why-rigetti-computing-inc-rgti-173612724.html,2025-01-22 10:36:12,STORY,RGTIW,yahoo,0.4,Bullish,Tech
RGTI,Rigetti Computing (RGTI) Soars 42.2%: Is Further Upside Left in the Stock?,No summary available.,Zacks,https://finance.yahoo.com/news/rigetti-computing-rgti-soars-42-154000956.html,2025-01-22 08:40:00,STORY,"RGTIW, ASAN",yahoo,0.4,Bullish,Tech
RGTI,Quantum Computing Stocks Pop As Investors Mull Trump's 'Stargate' Project,No summary available.,Investor's Business Daily,https://finance.yahoo.com/m/0636b8ba-e65c-3b6d-827b-e15311f44c74/quantum-computing-stocks-pop.html,2025-01-22 07:01:52,STORY,"RGTI, RGTIW, MSFT, QUBT, QBTS, QBTS-WS, IONQ, IONQ-WS",yahoo,0.4,Bullish,Tech
RGTI,Why Has Jim Cramer Soured On Quantum Computing Stocks?,No summary available.,Benzinga,https://finance.yahoo.com/news/why-jim-cramer-soured-quantum-133015252.html,2025-01-22 06:30:15,STORY,RGTIW,yahoo,0.4,Bullish,Tech
RGTI,Rigetti CEO on road to profitability and future funding plans,No summary available.,Yahoo Finance Video,https://finance.yahoo.com/video/rigetti-ceo-road-profitability-future-120033010.html,2025-01-22 05:00:33,VIDEO,"RGTI, RGTIW",yahoo,0.4,Bullish,Tech
RGTI,"2 Scorching-Hot Quantum Computing Stocks That Can Plunge Up to 80%, According to 1 Wall Street Analyst",No summary available.,Motley Fool,https://finance.yahoo.com/m/eadc12c6-7dd5-3eec-af85-2ad443b0781d/2-scorching-hot-quantum.html,2025-01-22 02:51:00,STORY,RGTIW,yahoo,0.4,Bullish,Tech
QUBT,Quantum Computing Stocks Pop As Investors Mull Trump's 'Stargate' Project,No summary available.,Investor's Business Daily,https://finance.yahoo.com/m/0636b8ba-e65c-3b6d-827b-e15311f44c74/quantum-computing-stocks-pop.html,2025-01-22 07:01:52,STORY,"RGTI, RGTIW, MSFT, QUBT, QBTS, QBTS-WS, IONQ, IONQ-WS",yahoo,0.4,Bullish,Tech
QUBT,Quantum Computing Plunges 8%-Short Report Sparks Sell-Off,No summary available.,GuruFocus.com,https://finance.yahoo.com/news/quantum-computing-plunges-8-short-165755375.html,2025-01-16 09:57:55,STORY,QUBT,yahoo,0.4,Bullish,Tech
QUBT,Rigetti Computing CEO after a 48% spike in stock price: We have to tamp down expectations,No summary available.,Yahoo Finance,https://finance.yahoo.com/news/rigetti-computing-ceo-after-a-48-spike-in-stock-price-we-have-to-tamp-down-expectations-134428990.html,2025-01-15 06:44:28,STORY,"QBTS, QBTS-WS, GOOG, META, QUBT, AMD, RGTI, RGTIW, NVDA",yahoo,0.4,Bullish,Tech
QUBT,"Quantum Computing, Inc. Announces Collaboration with Sanders Tri-Institutional Therapeutics Discovery Institute To Support Research Using Dirac-3 Systems",No summary available.,PR Newswire,https://finance.yahoo.com/news/quantum-computing-inc-announces-collaboration-133000689.html,2025-01-15 06:30:00,STORY,QUBT,yahoo,0.4,Bullish,Tech
QUBT,Quantum computing stocks rebound after massive sell-off as industry exec says opportunity is 'real',No summary available.,Yahoo Finance,https://finance.yahoo.com/news/quantum-computing-stocks-rebound-after-massive-sell-off-as-industry-exec-says-opportunity-is-real-175835656.html,2025-01-14 14:48:53,STORY,"NVDA, RGTI, RGTIW, AMZN, META, QUBT, GOOG",yahoo,0.4,Bullish,Tech
QUBT,Quantum computing applications are 'real today': D-Wave CEO,No summary available.,Yahoo Finance Video,https://finance.yahoo.com/video/quantum-computing-applications-real-today-163858686.html,2025-01-14 09:38:58,VIDEO,"RGTI, RGTIW, QBTS, QBTS-WS, META, NVDA, IONQ, IONQ-WS, QUBT",yahoo,0.4,Bullish,Tech
QUBT,Quantum computing stocks fall following Zuckerberg comments,No summary available.,Yahoo Finance Video,https://finance.yahoo.com/video/quantum-computing-stocks-fall-following-205827078.html,2025-01-13 13:58:27,VIDEO,"META, RGTI, RGTIW, NVDA, QUBT, QBTS, QBTS-WS",yahoo,0.4,Bullish,Tech
QUBT,Quantum Computing Stocks Dive After Nvidia CEO Says Tech 15-30 Years Away,No summary available.,Investor's Business Daily,https://finance.yahoo.com/m/81c3872f-0431-32d2-a7e4-b58162beafc0/quantum-computing-stocks-dive.html,2025-01-08 14:22:44,STORY,"QUBT, RGTI, RGTIW, QBTS, QBTS-WS, GOOG, IONQ, IONQ-WS",yahoo,0.4,Bullish,Tech
LX,LexinFintech Achieves Strong Q3 with Profit Surge,No summary available.,TipRanks,https://finance.yahoo.com/news/lexinfintech-achieves-strong-q3-profit-112857379.html,2024-11-27 04:28:57,STORY,LX,yahoo,0.4,Bullish,Tech
LX,LexinFintech Holdings Third Quarter 2024 Earnings: EPS: CN¥1.87 (vs CN¥2.25 in 3Q 2023),No summary available.,Simply Wall St.,https://finance.yahoo.com/news/lexinfintech-holdings-third-quarter-2024-101709485.html,2024-11-27 03:17:09,STORY,LX,yahoo,0.4,Bullish,Tech
LX,LexinFintech Holdings Ltd (LX) Q3 2024 Earnings Call Highlights: Strong Net Profit Growth ...,No summary available.,GuruFocus.com,https://finance.yahoo.com/news/lexinfintech-holdings-ltd-lx-q3-070034163.html,2024-11-27 00:00:34,STORY,LX,yahoo,0.4,Bullish,Tech
LX,LexinFintech (LX) Q3 2024 Earnings Call Transcript,No summary available.,Motley Fool,https://finance.yahoo.com/m/c9c9abb3-0841-3ce3-9f18-38f9be63613b/lexinfintech-%28lx%29-q3-2024.html,2024-11-26 01:00:12,STORY,LX,yahoo,0.4,Bullish,Tech
LX,LexinFintech Holdings Ltd. Reports Third Quarter 2024 Unaudited Financial Results,No summary available.,GlobeNewswire,https://finance.yahoo.com/news/lexinfintech-holdings-ltd-reports-third-230000733.html,2024-11-25 16:00:00,STORY,LX,yahoo,0.4,Bullish,Tech
LX,US Penny Stocks To Watch In November 2024,No summary available.,Simply Wall St.,https://finance.yahoo.com/news/us-penny-stocks-watch-november-170732579.html,2024-11-20 10:07:32,STORY,"NRGV, LX, FREY, FREY-WS",yahoo,0.4,Bullish,Tech
LX,"LexinFintech Holdings Ltd. to Report Third Quarter 2024 Unaudited Financial Results on November 25, 2024",No summary available.,GlobeNewswire,https://finance.yahoo.com/news/lexinfintech-holdings-ltd-report-third-060000411.html,2024-11-17 23:00:00,STORY,LX,yahoo,0.4,Bullish,Tech
OKLO,We're Not Very Worried About Oklo's (NYSE:OKLO) Cash Burn Rate,No summary available.,Simply Wall St.,https://finance.yahoo.com/news/were-not-very-worried-oklos-133714230.html,2025-01-23 06:37:14,STORY,OKLO,yahoo,0.4,Bullish,Tech
OKLO,Cathie Wood Dumps Sam Altman's Surging Nuclear Startup; Buys Key Uranium Player,No summary available.,Investor's Business Daily,https://finance.yahoo.com/m/cce8d1ae-275d-3f72-9338-c23a37ee03a9/cathie-wood-dumps-sam.html,2025-01-22 15:42:20,STORY,"VST, OKLO, NNE, CCJ, SMR",yahoo,0.4,Bullish,Tech
OKLO,Oklo and RPower Join Forces to Accelerate Power Availability for Data Centers,No summary available.,Business Wire,https://finance.yahoo.com/news/oklo-rpower-join-forces-accelerate-133100409.html,2025-01-17 06:31:00,STORY,OKLO,yahoo,0.4,Bullish,Tech
OKLO,"Nuclear Stocks Surged Last Year, But Are They A Buy Or A Sell In 2025?",No summary available.,Investor's Business Daily,https://finance.yahoo.com/m/0a1b5349-5bba-3d51-b1ae-c917e92e8d2a/nuclear-stocks-surged-last.html,2025-01-15 07:37:06,STORY,"CEG, VST, OKLO, TLN",yahoo,0.4,Bullish,Tech
OKLO,Hydrogen Finally Gets A Price Tag: S&P 500 New Energy Plays Soar Along With This Amazon Vendor,No summary available.,Investor's Business Daily,https://finance.yahoo.com/m/c814b109-b37d-3280-9609-8324c4705cf2/hydrogen-finally-gets-a-price.html,2025-01-07 15:26:35,STORY,"OKLO, VST, CEG, PLUG, BE",yahoo,0.4,Bullish,Tech
OKLO,Oklo Soars 14%: Nuclear Power Innovator Fuels AI Energy Revolution!,No summary available.,GuruFocus.com,https://finance.yahoo.com/news/oklo-soars-14-nuclear-power-164632354.html,2025-01-06 09:46:32,STORY,OKLO,yahoo,0.4,Bullish,Tech
OKLO,"Nuclear Energy Stocks Enter 2025 On A High. AI Data Centers Need Them, A Lot.",No summary available.,Investor's Business Daily,https://finance.yahoo.com/m/4e5cb7c1-4e01-38a6-822e-4389a4831631/nuclear-energy-stocks-enter.html,2025-01-04 08:31:33,STORY,"VST, OKLO, CEG, SMR, TLN",yahoo,0.4,Bullish,Tech
OKLO,Biden releases hydrogen tax credit. Nuclear energy stocks rise.,No summary available.,Yahoo Finance Video,https://finance.yahoo.com/video/biden-releases-hydrogen-tax-credit-213904308.html,2025-01-03 14:39:04,VIDEO,"VST, XLE, NNE, OKLO, CEG, SMR",yahoo,0.4,Bullish,Tech
PSIX,"Power Solutions International Insider Sold Shares Worth $562,470, According to a Recent SEC Filing",No summary available.,MT Newswires,https://finance.yahoo.com/news/power-solutions-international-insider-sold-214043883.html,2025-01-17 14:40:43,STORY,PSIX,yahoo,0.4,Bullish,Tech
PSIX,Spotlighting Undiscovered Gems in the US for December 2024,No summary available.,Simply Wall St.,https://finance.yahoo.com/news/spotlighting-undiscovered-gems-us-december-100643377.html,2024-12-30 03:06:43,STORY,"CNCK, CNCKW, PSIX, WS",yahoo,0.4,Bullish,Tech
PSIX,Power Solutions Uplists to Nasdaq for Growth,No summary available.,TipRanks,https://finance.yahoo.com/news/power-solutions-uplists-nasdaq-growth-224827459.html,2024-12-28 15:48:27,STORY,PSIX,yahoo,0.4,Bullish,Tech
PSIX,Power Solutions Announces Uplisting to The Nasdaq Stock Market,No summary available.,GlobeNewswire,https://finance.yahoo.com/news/power-solutions-announces-uplisting-nasdaq-141500402.html,2024-12-24 07:15:00,STORY,PSIX,yahoo,0.4,Bullish,Tech
PSIX,Power Solutions International to Participate in the 15th Annual Craig-Hallum Alpha Select Conference,No summary available.,GlobeNewswire,https://finance.yahoo.com/news/power-solutions-international-participate-15th-141600128.html,2024-11-19 07:16:00,STORY,PSIX,yahoo,0.4,Bullish,Tech
PSIX,Power Solutions: Q3 Earnings Snapshot,No summary available.,Associated Press Finance,https://finance.yahoo.com/news/power-solutions-q3-earnings-snapshot-001844138.html,2024-11-07 17:18:44,STORY,PSIX,yahoo,0.4,Bullish,Tech
PSIX,Power Solutions International Announces Third Quarter 2024 Financial Results,No summary available.,GlobeNewswire,https://finance.yahoo.com/news/power-solutions-international-announces-third-214600342.html,2024-11-07 14:46:00,STORY,PSIX,yahoo,0.4,Bullish,Tech
PSIX,Power Solutions International’s Products Featured at TCI 2024,No summary available.,GlobeNewswire,https://finance.yahoo.com/news/power-solutions-international-products-featured-153400216.html,2024-11-06 08:34:00,STORY,PSIX,yahoo,0.4,Bullish,Tech
QFIN,Qifu Technology Provides Updates on Share Repurchase Plans,No summary available.,GlobeNewswire,https://finance.yahoo.com/news/qifu-technology-provides-updates-share-220000389.html,2024-12-30 15:00:00,STORY,QFIN,yahoo,0.4,Bullish,Tech
QFIN,Chinese Fintech Stock Qifu Hits Buy Point As Profit Growth Accelerates,No summary available.,Investor's Business Daily,https://finance.yahoo.com/m/9ca090ef-e60e-38bb-b074-b78443a4e710/chinese-fintech-stock-qifu.html,2024-11-27 11:04:19,STORY,QFIN,yahoo,0.4,Bullish,Tech
QFIN,Qifu Technology Third Quarter 2024 Earnings: EPS: CN¥12.41 (vs CN¥7.12 in 3Q 2023),No summary available.,Simply Wall St.,https://finance.yahoo.com/news/qifu-technology-third-quarter-2024-105000544.html,2024-11-21 03:50:00,STORY,QFIN,yahoo,0.4,Bullish,Tech
QFIN,Qifu Technology Inc (QFIN) Q3 2024 Earnings Call Highlights: Record Profitability and Strategic ...,No summary available.,GuruFocus.com,https://finance.yahoo.com/news/qifu-technology-inc-qfin-q3-070033656.html,2024-11-21 00:00:33,STORY,QFIN,yahoo,0.4,Bullish,Tech
QFIN,Qifu Technology Announces Third Quarter 2024 Unaudited Financial Results and Launches A New US$450 Million Share Repurchase Plan for 2025,No summary available.,GlobeNewswire,https://finance.yahoo.com/news/qifu-technology-announces-third-quarter-220000580.html,2024-11-19 15:00:00,STORY,QFIN,yahoo,0.4,Bullish,Tech
QFIN,"Qifu Technology, Inc. (NASDAQ:QFIN) is Buying Back Shares: Is QFIN a Cheap Chinese Stock to Buy?",No summary available.,Insider Monkey,https://finance.yahoo.com/news/qifu-technology-inc-nasdaq-qfin-153350805.html,2024-11-16 08:33:50,STORY,"QFIN, ^HSI",yahoo,0.4,Bullish,Tech
QFIN,"Qifu Technology to Announce Third Quarter 2024 Unaudited Financial Results on November 19, 2024",No summary available.,GlobeNewswire,https://finance.yahoo.com/news/qifu-technology-announce-third-quarter-090000517.html,2024-11-07 02:00:00,STORY,QFIN,yahoo,0.4,Bullish,Tech
QFIN,"Institutional investors may overlook Qifu Technology, Inc.'s (NASDAQ:QFIN) recent US$317m market cap drop as long-term gains remain positive",No summary available.,Simply Wall St.,https://finance.yahoo.com/news/institutional-investors-may-overlook-qifu-104144519.html,2024-11-05 03:41:44,STORY,QFIN,yahoo,0.4,Bullish,Tech
RTX,What Analyst Projections for Key Metrics Reveal About RTX (RTX) Q4 Earnings,No summary available.,Zacks,https://finance.yahoo.com/news/analyst-projections-key-metrics-reveal-141525198.html,2025-01-23 07:15:25,STORY,RTX,yahoo,0.4,Bullish,Tech
RTX,Do Its Financials Have Any Role To Play In Driving RTX Corporation's (NYSE:RTX) Stock Up Recently?,No summary available.,Simply Wall St.,https://finance.yahoo.com/news/financials-role-play-driving-rtx-120026501.html,2025-01-23 05:00:26,STORY,RTX,yahoo,0.4,Bullish,Tech
RTX,RTX (RTX) Earnings Expected to Grow: What to Know Ahead of Next Week's Release,No summary available.,Zacks,https://finance.yahoo.com/news/rtx-rtx-earnings-expected-grow-150025501.html,2025-01-21 08:00:25,STORY,RTX,yahoo,0.4,Bullish,Tech
RTX,Are You a Momentum Investor? This 1 Stock Could Be the Perfect Pick,No summary available.,Zacks,https://finance.yahoo.com/news/momentum-investor-1-stock-could-145012990.html,2025-01-21 07:50:12,STORY,RTX,yahoo,0.4,Bullish,Tech
RTX,Why RTX (RTX) is a Top Growth Stock for the Long-Term,No summary available.,Zacks,https://finance.yahoo.com/news/why-rtx-rtx-top-growth-144514249.html,2025-01-20 07:45:14,STORY,RTX,yahoo,0.4,Bullish,Tech
RTX,RTX's (NYSE:RTX) 62% YoY earnings expansion surpassed the shareholder returns over the past year,No summary available.,Simply Wall St.,https://finance.yahoo.com/news/rtxs-nyse-rtx-62-yoy-110029094.html,2025-01-19 04:00:29,STORY,RTX,yahoo,0.4,Bullish,Tech
RTX,Will RTX (RTX) Beat Estimates Again in Its Next Earnings Report?,No summary available.,Zacks,https://finance.yahoo.com/news/rtx-rtx-beat-estimates-again-171010935.html,2025-01-17 10:10:10,STORY,RTX,yahoo,0.4,Bullish,Tech
RTX,RTX Clinches a $529M Deal to Provide Patriot Missile to Netherlands,No summary available.,Zacks,https://finance.yahoo.com/news/rtx-clinches-529m-deal-patriot-113400072.html,2025-01-17 04:34:00,STORY,"BA, RTX, LMT, NOC",yahoo,0.4,Bullish,Tech
TWLO,Twilio Sees Q4 Non-GAAP Earnings Above Guidance; Approves $2 Billion Stock Buyback Program,No summary available.,MT Newswires,https://finance.yahoo.com/news/twilio-sees-q4-non-gaap-223047576.html,2025-01-23 15:30:47,STORY,TWLO,yahoo,0.4,Bullish,Tech
TWLO,Twilio jumps after announcing strong guidance; unveils $2B share buyback program,No summary available.,Investing.com,https://finance.yahoo.com/news/twilio-jumps-announcing-strong-guidance-220512773.html,2025-01-23 15:05:12,STORY,TWLO,yahoo,0.4,Bullish,Tech
TWLO,"Cloudflare, Inc. (NET) Hit a 52 Week High, Can the Run Continue?",No summary available.,Zacks,https://finance.yahoo.com/news/cloudflare-inc-net-hit-52-141508678.html,2025-01-23 07:15:08,STORY,"NET, TWLO",yahoo,0.4,Bullish,Tech
TWLO,Twilio Inc. (TWLO): Analyst Predicts Growth Ahead of Key AI and CPaaS Updates,No summary available.,Insider Monkey,https://finance.yahoo.com/news/twilio-inc-twlo-analyst-predicts-145059028.html,2025-01-22 07:50:59,STORY,TWLO,yahoo,0.4,Bullish,Tech
TWLO,Why Twilio (TWLO) Outpaced the Stock Market Today,No summary available.,Zacks,https://finance.yahoo.com/news/why-twilio-twlo-outpaced-stock-231521685.html,2025-01-21 16:15:21,STORY,TWLO,yahoo,0.4,Bullish,Tech
TWLO,Twilio Inc. (TWLO): Upgraded on Revenue Growth Potential and Voice AI Innovations,No summary available.,Insider Monkey,https://finance.yahoo.com/news/twilio-inc-twlo-upgraded-revenue-184738091.html,2025-01-18 11:47:38,STORY,TWLO,yahoo,0.4,Bullish,Tech
TWLO,Twilio Inc. (TWLO) Is a Trending Stock: Facts to Know Before Betting on It,No summary available.,Zacks,https://finance.yahoo.com/news/twilio-inc-twlo-trending-stock-140012076.html,2025-01-17 07:00:12,STORY,TWLO,yahoo,0.4,Bullish,Tech
TWLO,"Twilio to Announce Fourth Quarter and Fiscal Year 2024 Results on February 13, 2025",No summary available.,Business Wire,https://finance.yahoo.com/news/twilio-announce-fourth-quarter-fiscal-120000186.html,2025-01-17 05:00:00,STORY,TWLO,yahoo,0.4,Bullish,Tech
