ticker,title,summary,publisher,link,publish_date,type,related_tickers,overall_sentiment_score,overall_sentiment_label
,Pender Growth Fund Provides Financial Highlights and Company Updates,"VANCOUVER, British Columbia, Nov. 21, 2024 ( GLOBE NEWSWIRE ) -- ( TSXV: PTF ) Pender Growth Fund Inc. ( the ""Company"" ) today announced its financial and operational results for the three months and nine months ended September 30, 2024.",GlobeNewswire,https://www.globenewswire.com/news-release/2024/11/21/2985697/0/en/Pender-Growth-Fund-Provides-Financial-Highlights-and-Company-Updates.html,20241121T234900,"[{'topic': 'Earnings', 'relevance_score': '0.769861'}, {'topic': 'Economy - Monetary', 'relevance_score': '0.310843'}, {'topic': 'Financial Markets', 'relevance_score': '0.999922'}]",,0.216293,Somewhat-Bullish
"IMRN, JWCTF","Immuron CEO, Steven Lydeamore presentation to 21st Virtual Investor Summit Microcap Event","MELBOURNE, Australia, Nov. 21, 2024 ( GLOBE NEWSWIRE ) -- Immuron Limited ( ASX: IMC. NASDAQ: IMRN ) is pleased to advise our Chief Executive Officer, Steven Lydeamore presented early this morning at the 21st Virtual Investor Summit Microcap Event ( November 21, US Eastern Time ) .",GlobeNewswire,https://www.globenewswire.com/news-release/2024/11/21/2985695/37134/en/Immuron-CEO-Steven-Lydeamore-presentation-to-21st-Virtual-Investor-Summit-Microcap-Event.html,20241121T233300,"[{'topic': 'Life Sciences', 'relevance_score': '1.0'}, {'topic': 'Financial Markets', 'relevance_score': '0.495866'}]","IMRN, JWCTF",0.031053,Neutral
"MORN, WXXWY, SZIHF, WUXAY","Chinese biotech firms brace for Trump tariffs, US funding bill","Efforts to expand sales of high-value products in China and non-US markets would cushion the blow, analysts say.",South China Morning Post,https://www.scmp.com/news/china-future-tech/biomedicine/article/3287492/chinese-biotech-firms-brace-profit-hit-trump-tariffs-us-funding-bill,20241121T233007,"[{'topic': 'Earnings', 'relevance_score': '0.684621'}, {'topic': 'Finance', 'relevance_score': '1.0'}, {'topic': 'Financial Markets', 'relevance_score': '0.538269'}]","MORN, WXXWY, SZIHF, WUXAY",0.113892,Neutral
,Know Your Missiles: Russia's Experimental Hypersonic Missile Is A New Kind of Killing Machine,"A Russian missile strike near Dnipro shows off a new, highly maneuverable weapon that sends a signal to the West.",Decrypt.co,https://decrypt.co/292954/know-your-missiles-russias-experimental-hypersonic-missile-a-new-kind-of-killing-machine,20241121T231801,"[{'topic': 'Financial Markets', 'relevance_score': '0.158519'}]",,-0.122848,Neutral
"BENF, FFWM",Beneficient Reports to Kansas Legislative Committee on Its Positive Developments and the Digital Transformation of the Alternative Asset Industry,today provided an update to a Kansas legislators about its business operations and related economic development for the benefit of the state's communities.,GlobeNewswire,https://www.globenewswire.com/news-release/2024/11/21/2985693/0/en/Beneficient-Reports-to-Kansas-Legislative-Committee-on-Its-Positive-Developments-and-the-Digital-Transformation-of-the-Alternative-Asset-Industry.html,20241121T231500,"[{'topic': 'Earnings', 'relevance_score': '0.310843'}, {'topic': 'Finance', 'relevance_score': '1.0'}, {'topic': 'Financial Markets', 'relevance_score': '0.891286'}]","BENF, FFWM",0.174836,Somewhat-Bullish
"META, ROYIF, TMC","ROSEN, A TOP RANKED LAW FIRM, Encourages TMC the metals company Inc. Investors to Secure Counsel Before Important Deadline in Securities Class Action - TMC - TMC Metals  ( NASDAQ:TMC ) ","NEW YORK, Nov. 21, 2024 ( GLOBE NEWSWIRE ) -- WHY: Rosen Law Firm, a global investor rights law firm, reminds purchasers of securities of TMC the metals company Inc. TMC between May 12, 2023 and March 25, 2024, both dates inclusive ( the ""Class Period"" ) , of the important January 7, 2025 ...",Benzinga,https://www.benzinga.com/pressreleases/24/11/g42126813/rosen-a-top-ranked-law-firm-encourages-tmc-the-metals-company-inc-investors-to-secure-counsel-befo,20241121T231038,"[{'topic': 'Real Estate & Construction', 'relevance_score': '0.5'}, {'topic': 'Technology', 'relevance_score': '0.5'}, {'topic': 'Financial Markets', 'relevance_score': '0.495866'}]","META, ROYIF, TMC",0.108087,Neutral
,River Valley Community Bancorp Announces Director Retirements,"YUBA CITY, Calif., Nov. 21, 2024 ( GLOBE NEWSWIRE ) -- River Valley Community Bancorp ( OTC markets: RVCB ) with its wholly owned subsidiary, River Valley Community Bank ( collectively referred to as the ""Bank"" ) , today announced upcoming retirements for Directors John I. Jelavich and Joseph M.",Benzinga,https://www.benzinga.com/pressreleases/24/11/g42126784/river-valley-community-bancorp-announces-director-retirements,20241121T230748,"[{'topic': 'Financial Markets', 'relevance_score': '0.796627'}]",,0.302846,Somewhat-Bullish
"TD, META","ROSEN, TOP RANKED GLOBAL COUNSEL, Encourages The Toronto-Dominion Bank Investors to Secure Counsel Before Important Deadline in Securities Class Action - TD - Toronto-Dominion Bank  ( NYSE:TD ) ","NEW YORK, Nov. 21, 2024 ( GLOBE NEWSWIRE ) -- WHY: Rosen Law Firm, a global investor rights law firm, reminds purchasers of securities of The Toronto-Dominion Bank TD between February 29, 2024 and October 9, 2024, both dates inclusive ( the ""Class Period"" ) , of the important December 23, ...",Benzinga,https://www.benzinga.com/pressreleases/24/11/g42126783/rosen-top-ranked-global-counsel-encourages-the-toronto-dominion-bank-investors-to-secure-counsel-b,20241121T230732,"[{'topic': 'Economy - Monetary', 'relevance_score': '0.158519'}, {'topic': 'Technology', 'relevance_score': '1.0'}, {'topic': 'Financial Markets', 'relevance_score': '0.495866'}]","TD, META",0.154302,Somewhat-Bullish
META,"ROSEN, A LEADING NATIONAL FIRM, Encourages Midnight Hub Investors to Secure Counsel Before Important Deadline in Securities Class Action","NEW YORK, Nov. 21, 2024 ( GLOBE NEWSWIRE ) -- WHY: Rosen Law Firm, a global investor rights law firm, reminds purchasers of ROOMS non-fungible tokens ( ""NFTs"" ) and Digital Nomads NFTs issued by Midnight Hub between January 15, 2023 and March 31, 2024, both dates inclusive ( the ""Class ...",Benzinga,https://www.benzinga.com/pressreleases/24/11/g42126780/rosen-a-leading-national-firm-encourages-midnight-hub-investors-to-secure-counsel-before-important,20241121T230723,"[{'topic': 'Technology', 'relevance_score': '1.0'}, {'topic': 'Blockchain', 'relevance_score': '0.158519'}, {'topic': 'Financial Markets', 'relevance_score': '0.495866'}]",META,0.166042,Somewhat-Bullish
,River Valley Community Bancorp Announces Director Retirements,"YUBA CITY, Calif., Nov. 21, 2024 ( GLOBE NEWSWIRE ) -- River Valley Community Bancorp ( OTC markets: RVCB ) with its wholly owned subsidiary, River Valley Community Bank ( collectively referred to as the ""Bank"" ) , today announced upcoming retirements for Directors John I. Jelavich and Joseph M.",GlobeNewswire,https://www.globenewswire.com/news-release/2024/11/21/2985689/0/en/River-Valley-Community-Bancorp-Announces-Director-Retirements.html,20241121T230700,"[{'topic': 'Financial Markets', 'relevance_score': '0.360215'}]",,0.311191,Somewhat-Bullish
"ACB, TLRY, CGC","German Cannabis: 20 Tons, 10M Grams - And That's Only 0.3% Of The Market, What's Missing? - Aurora Cannabis  ( NASDAQ:ACB ) , Canopy Gwth  ( NASDAQ:CGC ) ","Germany's medical cannabis imports reached 20.1 tons in Q3 2024, a substantial increase from previous quarters. This surge follows the April 2024 revision of the country's narcotics law, which has facilitated greater access to medical cannabis.",Benzinga,https://www.benzinga.com/general/market-summary/24/11/42126680/german-cannabis-20-tons-10m-grams-and-thats-only-0-3-of-the-market-whats-missing,20241121T230035,"[{'topic': 'Life Sciences', 'relevance_score': '1.0'}, {'topic': 'Financial Markets', 'relevance_score': '0.108179'}]","ACB, TLRY, CGC",0.258633,Somewhat-Bullish
"EVR, DE, C, GS, MS, BNXYF, FOREX:BRL, FOREX:USD",Deere  ( DE )  Q4 2024 Earnings Call Transcript,"DE earnings call for the period ending September 30, 2024.",Motley Fool,https://www.fool.com/earnings/call-transcripts/2024/11/21/deere-de-q4-2024-earnings-call-transcript/,20241121T230018,"[{'topic': 'Economy - Monetary', 'relevance_score': '0.158519'}, {'topic': 'Financial Markets', 'relevance_score': '1.0'}, {'topic': 'Earnings', 'relevance_score': '1.0'}, {'topic': 'Technology', 'relevance_score': '0.5'}, {'topic': 'Finance', 'relevance_score': '0.5'}]","EVR, DE, C, GS, MS, BNXYF, FOREX:BRL, FOREX:USD",0.246231,Somewhat-Bullish
"AMD, BABA, XIACY, BNXYF","China creates new AI advisory body, with Alibaba Cloud founder as chief expert",The AI Experts Committee is expected to promote China's perspective on how the fast-growing technology should be governed.,South China Morning Post,https://www.scmp.com/tech/tech-trends/article/3287593/wuzhen-summit-china-creates-ai-advisory-body-alibaba-cloud-founder-chief-expert,20241121T230009,"[{'topic': 'Manufacturing', 'relevance_score': '1.0'}]","AMD, BABA, XIACY, BNXYF",0.163256,Somewhat-Bullish
"CURN, META",Lumina Gold Announces Concession Extension Until 2049 - Lumina Gold  ( OTC:LMGDF ) ,"VANCOUVER, BC, Nov. 21, 2024 /PRNewswire/ - Lumina Gold Corp. LUM LMGDF ( the ""Company"" or ""Lumina"" ) is pleased to announce that the Ministry of Energy and Mines of Ecuador has extended the Los Cangrejos mining concession until 2049.",Benzinga,https://www.benzinga.com/pressreleases/24/11/n42126669/lumina-gold-announces-concession-extension-until-2049,20241121T230000,"[{'topic': 'Technology', 'relevance_score': '1.0'}, {'topic': 'Financial Markets', 'relevance_score': '0.266143'}]","CURN, META",0.160796,Somewhat-Bullish
"CMG, META","ROSEN, A TOP-RANKED LAW FIRM, Encourages Chipotle Mexican Grill, Inc. Investors to Secure Counsel Before Important Deadline in Securities Class Action First Filed by the Firm - CMG - Chipotle Mexican Grill  ( NYSE:CMG ) ","NEW YORK, Nov. 21, 2024 ( GLOBE NEWSWIRE ) -- WHY: Rosen Law Firm, a global investor rights law firm, announces it has filed a class action lawsuit on behalf of purchasers of common stock of Chipotle Mexican Grill, Inc.",Benzinga,https://www.benzinga.com/pressreleases/24/11/g42126533/rosen-a-top-ranked-law-firm-encourages-chipotle-mexican-grill-inc-investors-to-secure-counsel-befo,20241121T225700,"[{'topic': 'Technology', 'relevance_score': '0.5'}, {'topic': 'Retail & Wholesale', 'relevance_score': '0.5'}, {'topic': 'Financial Markets', 'relevance_score': '0.875462'}]","CMG, META",0.180822,Somewhat-Bullish
"LYV, VVVNF, SEAT, GS, CEVMF, EB","Live Music Market to Expand by USD 35.56 Billion  ( 2024-2028 ) , Driven by Rising Demand for Experiences, AI Redefining the Market Landscape - Technavio","NEW YORK, Nov. 21, 2024 /PRNewswire/ -- Report with market evolution powered by AI - The global live music market size is estimated to grow by USD 35.56 billion from 2024-2028, according to Technavio. The market is estimated to grow at a CAGR of 17.38% during the forecast period.",Benzinga,https://www.benzinga.com/pressreleases/24/11/n42126519/live-music-market-to-expand-by-usd-35-56-billion-2024-2028-driven-by-rising-demand-for-experiences,20241121T225500,"[{'topic': 'Technology', 'relevance_score': '0.5'}, {'topic': 'Finance', 'relevance_score': '0.5'}]","LYV, VVVNF, SEAT, GS, CEVMF, EB",0.373735,Bullish
"HOOD, SCHW, CRYPTO:BTC","Charles Schwab Mulls Crypto Trading, Incoming CEO 'Feels Silly' for Not Buying In",Schwab's move into spot crypto trading signals a broader shift among traditional financial institutions adapting to investor demand.,Decrypt.co,https://decrypt.co/292957/charles-schwab-mulls-crypto-trading-incoming-ceo-feels-silly-for-not-buying-in,20241121T225351,"[{'topic': 'Finance', 'relevance_score': '1.0'}, {'topic': 'Blockchain', 'relevance_score': '0.158519'}, {'topic': 'Financial Markets', 'relevance_score': '0.744043'}]","HOOD, SCHW, CRYPTO:BTC",0.280022,Somewhat-Bullish
"MAPS, META","ROSEN, TOP RANKED GLOBAL COUNSEL, Encourages WM Technology, Inc. Investors to Secure Counsel Before Important Deadline in Securities Class Action First Filed by the Firm - MAPS - WM Tech  ( NASDAQ:MAPS ) ","NEW YORK, Nov. 22, 2024 ( GLOBE NEWSWIRE ) -- WHY: Rosen Law Firm, a global investor rights law firm, reminds purchasers of the securities of WM Technology, Inc.",Benzinga,https://www.benzinga.com/pressreleases/24/11/g42126448/rosen-top-ranked-global-counsel-encourages-wm-technology-inc-investors-to-secure-counsel-before-im,20241121T224500,"[{'topic': 'Real Estate & Construction', 'relevance_score': '0.5'}, {'topic': 'Technology', 'relevance_score': '0.5'}, {'topic': 'Financial Markets', 'relevance_score': '0.495866'}]","MAPS, META",0.148185,Neutral
,Carbon Streaming Announces Board and CEO Changes - Carbon Streaming  ( OTC:OFSTF ) ,"TORONTO, Nov. 21, 2024 ( GLOBE NEWSWIRE ) -- Carbon Streaming Corporation ( Cboe CA: NETZ ) OFSTF M2Q ( ""Carbon Streaming"" or the ""Company"" ) is pleased to announce the appointment of Mr. Marin Katusa as Chief Executive Officer ( ""CEO"" ) , effective November 25, 2024.",Benzinga,https://www.benzinga.com/pressreleases/24/11/g42126395/carbon-streaming-announces-board-and-ceo-changes,20241121T223932,"[{'topic': 'Financial Markets', 'relevance_score': '0.650727'}]",,0.191992,Somewhat-Bullish
,Carbon Streaming Announces Board and CEO Changes,"TORONTO, Nov. 21, 2024 ( GLOBE NEWSWIRE ) -- Carbon Streaming Corporation ( Cboe CA: NETZ ) ( OTCQB: OFSTF ) ( FSE: M2Q ) ( ""Carbon Streaming"" or the ""Company"" ) is pleased to announce the appointment of Mr. Marin Katusa as Chief Executive Officer ( ""CEO"" ) , effective November 25, 2024.",GlobeNewswire,https://www.globenewswire.com/news-release/2024/11/21/2985679/0/en/Carbon-Streaming-Announces-Board-and-CEO-Changes.html,20241121T223900,"[{'topic': 'Financial Markets', 'relevance_score': '0.495866'}]",,0.187474,Somewhat-Bullish
"META, ISPO","Inspirato Partners with BLADE Urban Air Mobility to Enhance Member Travel Experiences - Blade Air Mobility  ( NASDAQ:BLDE ) , Inspirato  ( NASDAQ:ISPO ) ","DENVER, Nov. 21, 2024 ( GLOBE NEWSWIRE ) -- Inspirato Incorporated ( ""Inspirato"" or the ""Company"" ) ISPO, the premier members-only luxury vacation club, announced a strategic partnership with BLADE Urban Air Mobility ( ""BLADE"" ) , a pioneering leader in short-distance aviation.",Benzinga,https://www.benzinga.com/pressreleases/24/11/g42126314/inspirato-partners-with-blade-urban-air-mobility-to-enhance-member-travel-experiences,20241121T223233,"[{'topic': 'Real Estate & Construction', 'relevance_score': '0.5'}, {'topic': 'Technology', 'relevance_score': '0.5'}]","META, ISPO",0.462877,Bullish
"META, ISPO",Inspirato Partners with BLADE Urban Air Mobility to Enhance Member Travel Experiences,Inspirato members to receive exclusive access to BLADE's premium aviation services Inspirato members to receive exclusive access to BLADE's premium aviation services ...,GlobeNewswire,https://www.globenewswire.com/news-release/2024/11/21/2985678/0/en/Inspirato-Partners-with-BLADE-Urban-Air-Mobility-to-Enhance-Member-Travel-Experiences.html,20241121T223200,"[{'topic': 'Real Estate & Construction', 'relevance_score': '0.5'}, {'topic': 'Technology', 'relevance_score': '0.5'}]","META, ISPO",0.471524,Bullish
CRYPTO:BTC,Bitcoin Meme Coins Surge as BTC Rises Towards $100K,"Runes tokens are surging in price as BRC-20 tokens see ample trading, all while Bitcoin itself continues pushing to all-time highs.",Decrypt.co,https://decrypt.co/292953/bitcoin-meme-coins-surge-100k,20241121T223141,"[{'topic': 'Blockchain', 'relevance_score': '0.310843'}, {'topic': 'Financial Markets', 'relevance_score': '0.365926'}]",CRYPTO:BTC,0.318031,Somewhat-Bullish
CMSQF,Dore Copper Announces Filing and Mailing of Management Information Circular in Connection with Special Meeting and Encourages Shareholders to Access Meeting Materials Electronically,"TORONTO, Nov. 21, 2024 ( GLOBE NEWSWIRE ) -- Doré Copper Mining Corp. ( ""Doré Copper"" ) ( TSXV: DCMC. OTCQB: DRCMF. FRA: DCM ) today announced that it has filed and is in the process of mailing the management information circular ( the ""Circular"" ) and related materials for the special meeting ( ...",GlobeNewswire,https://www.globenewswire.com/news-release/2024/11/21/2985677/0/en/Dore-Copper-Announces-Filing-and-Mailing-of-Management-Information-Circular-in-Connection-with-Special-Meeting-and-Encourages-Shareholders-to-Access-Meeting-Materials-Electronicall.html,20241121T223000,[],CMSQF,0.282608,Somewhat-Bullish
"DSSMY, DEO, LDNXF","CROWN ROYAL JOINS FORCES WITH NATE SMITH AND SCOTTY HASTING TO SUPPORT VETERANS AS THE AWARD-WINNING WHISKY DONATES $50,000 TO CREATIVETS ON COUNTRY MUSIC'S BIGGEST NIGHT - Diageo  ( NYSE:DEO ) ","Crown Royal Paints Nashville Purple During ""The 58th Annual CMA Awards"" Week from launch of Crown Royal 31 Year Old in Partnership with Daniel Diamond to Generous Moment on CMA Awards Stage",Benzinga,https://www.benzinga.com/pressreleases/24/11/n42126241/crown-royal-joins-forces-with-nate-smith-and-scotty-hasting-to-support-veterans-as-the-award-winni,20241121T222700,"[{'topic': 'Financial Markets', 'relevance_score': '0.77141'}, {'topic': 'Manufacturing', 'relevance_score': '1.0'}]","DSSMY, DEO, LDNXF",0.36317,Bullish
"CRYPTO:BTC, CRYPTO:ETH, CRYPTO:DOGE","Why Bitcoin, Ethereum, and Dogecoin Are Surging Higher Today","It's another positive day in the world of cryptocurrencies, with the overall market capitalization of this asset class breaking through a new all-time high. As of 3:30 p.m. ET, the overall crypto market was up 5.1% over the past 24 hours to a total valuation of more than $3.25 ...",Motley Fool,https://www.fool.com/investing/2024/11/21/why-bitcoin-ethereum-and-dogecoin-are-surging-high/,20241121T222343,"[{'topic': 'Blockchain', 'relevance_score': '0.310843'}, {'topic': 'Financial Markets', 'relevance_score': '0.614606'}]","CRYPTO:BTC, CRYPTO:ETH, CRYPTO:DOGE",0.230361,Somewhat-Bullish
"MSTR, CRYPTO:BTC",What's Going On With MicroStrategy Stock After The Bell? - MicroStrategy  ( NASDAQ:MSTR ) ,"MicroStrategy, Inc. MSTR shares are climbing after-hours after the company announced it completed its previously announced offering of its 0% convertible senior notes due 2029.",Benzinga,https://www.benzinga.com/trading-ideas/movers/24/11/42126020/whats-going-on-with-microstrategy-stock-after-the-bell,20241121T222226,"[{'topic': 'Technology', 'relevance_score': '1.0'}, {'topic': 'Financial Markets', 'relevance_score': '0.108179'}]","MSTR, CRYPTO:BTC",0.192147,Somewhat-Bullish
"NVDA, IONQ",Why IonQ Stock Skyrocketed Today,Why did Nvidia's Q3 report cause big stock gains for IonQ?,Motley Fool,https://www.fool.com/investing/2024/11/21/why-ionq-stock-skyrocketed-today/,20241121T222056,"[{'topic': 'Financial Markets', 'relevance_score': '0.999993'}, {'topic': 'Manufacturing', 'relevance_score': '0.5'}, {'topic': 'Earnings', 'relevance_score': '0.983783'}, {'topic': 'Real Estate & Construction', 'relevance_score': '0.5'}]","NVDA, IONQ",0.468976,Bullish
"TLRY, ITHUF, CGC, CEJOF","Cannabis Stocks Feel The Burn: Matt Gaetz Bows Out As Trump's Attorney General Nominee - Cansortium  ( OTC:CNTMF ) , Canopy Gwth  ( NASDAQ:CGC ) ","Cannabis stocks reacted with mixed results on Thursday after Matt Gaetz withdrew his nomination for U.S. Attorney General amid allegations of sexual misconduct, drug use, lack of legal experience and more. Last week, President-elect Donald Trump nominated Gaetz who is a long-time supporter of ...",Benzinga,https://www.benzinga.com/24/11/42125955/cannabis-stocks-feel-the-burn-as-gaetz-bows-out-msos-in-focus,20241121T221834,"[{'topic': 'Life Sciences', 'relevance_score': '1.0'}, {'topic': 'Financial Markets', 'relevance_score': '0.538269'}]","TLRY, ITHUF, CGC, CEJOF",0.067277,Neutral
NXDT,NexPoint Reminds UDF IV Shareholders That Actions Speak Louder Than Words and Urges Them to Vote for New Board Representatives - NexPoint Diversified Real  ( NYSE:NXDT ) ,Vote for NexPoint Nominees to Protect Shareholders' Interests and Maximize Value,Benzinga,https://www.benzinga.com/pressreleases/24/11/n42125890/nexpoint-reminds-udf-iv-shareholders-that-actions-speak-louder-than-words-and-urges-them-to-vote-f,20241121T221400,"[{'topic': 'Technology', 'relevance_score': '1.0'}, {'topic': 'Financial Markets', 'relevance_score': '0.87644'}]",NXDT,0.131024,Neutral
CSLI,Avante Announces Timing of Fiscal Second Quarter Investor Webinar,"TORONTO, Ontario, Nov. 21, 2024 ( GLOBE NEWSWIRE ) -- Avante Corp Inc. ( TSX.V: XX ) ( OTC: ALXXF ) ( ""Avante"" or the ""Company"" ) , a global provider of technology enabled security solutions and services, is pleased to announce that the Company will host an investor webinar to provide a ...",GlobeNewswire,https://www.globenewswire.com/news-release/2024/11/21/2985671/36577/en/Avante-Announces-Timing-of-Fiscal-Second-Quarter-Investor-Webinar.html,20241121T220900,"[{'topic': 'Financial Markets', 'relevance_score': '0.158519'}]",CSLI,0.299726,Somewhat-Bullish
"MSFT, NVDA",Nvidia's Stock Was Down Despite Its Amazing Earnings. Here's What History Says Is Coming Next,"It's no secret that Nvidia ( NASDAQ: NVDA ) is one of the hottest artificial intelligence ( AI ) stocks in the market. The chip-making juggernaut just reported an incredible Q3, beating Wall Street's sky-high expectations. So why was the stock trading lower on Thursday when the market ...",Motley Fool,https://www.fool.com/investing/2024/11/21/nvidias-stock-was-down-despite-its-amazing-earning/,20241121T220642,"[{'topic': 'Financial Markets', 'relevance_score': '0.214378'}, {'topic': 'Manufacturing', 'relevance_score': '0.5'}, {'topic': 'Earnings', 'relevance_score': '0.857896'}, {'topic': 'Technology', 'relevance_score': '0.5'}]","MSFT, NVDA",0.163566,Somewhat-Bullish
"NOA, ATHOF",North American Construction Group Ltd. Announces Award of Heavy Civil Construction Project - North American  ( NYSE:NOA ) ,"ACHESON, Alberta, Nov. 21, 2024 ( GLOBE NEWSWIRE ) -- North American Construction Group Ltd. ( ""NACG"" or ""the Company"" ) NOANOA today announced that Mikisew North American Limited Partnership ( ""MNALP"" ) has been awarded a heavy civil construction contract by a major producer in the oil sands ...",Benzinga,https://www.benzinga.com/pressreleases/24/11/g42125672/north-american-construction-group-ltd-announces-award-of-heavy-civil-construction-project,20241121T220544,"[{'topic': 'Energy & Transportation', 'relevance_score': '1.0'}]","NOA, ATHOF",0.245523,Somewhat-Bullish
"NOA, ATHOF",North American Construction Group Ltd. Announces Award of Heavy Civil Construction Project,"ACHESON, Alberta, Nov. 21, 2024 ( GLOBE NEWSWIRE ) -- North American Construction Group Ltd. ( ""NACG"" or ""the Company"" ) ( TSX:NOA.TO/NYSE:NOA ) today announced that Mikisew North American Limited Partnership ( ""MNALP"" ) has been awarded a heavy civil construction contract by a major producer in ...",GlobeNewswire,https://www.globenewswire.com/news-release/2024/11/21/2985670/0/en/North-American-Construction-Group-Ltd-Announces-Award-of-Heavy-Civil-Construction-Project.html,20241121T220500,"[{'topic': 'Energy & Transportation', 'relevance_score': '1.0'}]","NOA, ATHOF",0.245527,Somewhat-Bullish
"MSTR, GOOG, COIN, CRYPTO:BTC, CRYPTO:ETH, CRYPTO:ADA","Bitcoin, Ethereum, Dogecoin Prepping For An Early Thanksgiving: 'BTC Is Currently  ( Less Than )  One ETH Away From $100,000,' Says Trader","Cryptocurrency markets are trading higher, with Bitcoin approaching $100,000, Solana ETF talks picking up steam and XRP gaining on Gary Gensler announcing his resignation on Donald Trump's inauguration day. IntoTheBlock data shows large transaction volume increasing by 8.5% and daily active ...",Benzinga,https://www.benzinga.com/markets/cryptocurrency/24/11/42125642/bitcoin-ethereum-dogecoin-prepping-for-an-early-thanksgiving-btc-is-currently-less-than-on,20241121T220417,"[{'topic': 'Financial Markets', 'relevance_score': '0.684621'}, {'topic': 'Technology', 'relevance_score': '0.5'}, {'topic': 'Finance', 'relevance_score': '0.5'}, {'topic': 'Blockchain', 'relevance_score': '0.310843'}]","MSTR, GOOG, COIN, CRYPTO:BTC, CRYPTO:ETH, CRYPTO:ADA",0.121397,Neutral
CRYPTO:UNI,Crypto Industry Bids Farewell to Gary Gensler-Exactly Like You'd Expect,"SEC Chair Gary Gensler's resignation announcement was met with a sigh of relief on Crypto Twitter, alongside a slew of mocking memes.",Decrypt.co,https://decrypt.co/292941/crypto-industry-bids-farewell-gary-gensler,20241121T220217,"[{'topic': 'Financial Markets', 'relevance_score': '0.310843'}]",CRYPTO:UNI,0.158184,Somewhat-Bullish
,Denmark Moves Toward Permanent Medical Cannabis Program,"Denmark is poised to cement its place as a leader in medical cannabis regulation. On November 19, Minister of the Interior and Health Sophie Løhde proposed making the country's medical cannabis trial scheme permanent, a bold move following years of steady growth in patient participation.",Benzinga,https://www.benzinga.com/government/regulations/24/11/42125563/denmark-moves-toward-permanent-medical-cannabis-program,20241121T220058,"[{'topic': 'Financial Markets', 'relevance_score': '0.161647'}]",,0.310074,Somewhat-Bullish
MALRF,Revival Gold Announces AGM Results and Transition in Exploration Leadership,"TORONTO, Nov. 21, 2024 ( GLOBE NEWSWIRE ) -- Revival Gold Inc. ( TSXV: RVG, OTCQX: RVLGF ) ( ""Revival Gold"" or the ""Company"" ) , is pleased to announce voting results for the election of directors at its Annual General Meeting ( ""AGM"" ) of Shareholders held on November 21st, 2024, in Toronto.",GlobeNewswire,https://www.globenewswire.com/news-release/2024/11/21/2985669/0/en/Revival-Gold-Announces-AGM-Results-and-Transition-in-Exploration-Leadership.html,20241121T220000,"[{'topic': 'Economy - Monetary', 'relevance_score': '0.158519'}, {'topic': 'Financial Markets', 'relevance_score': '0.684621'}]",MALRF,0.278305,Somewhat-Bullish
TBCRF,Timbercreek Financial Declares November 2024 Dividend,"TORONTO, Nov. 21, 2024 ( GLOBE NEWSWIRE ) -- Timbercreek Financial TF ( the ""Company"" ) is pleased to announce that it has declared a monthly cash dividend of $0.0575 per common share ( ""Common Share"" ) of the Company to be paid on December 13, 2024 to holders of Common Shares of record on ...",Benzinga,https://www.benzinga.com/pressreleases/24/11/g42125516/timbercreek-financial-declares-november-2024-dividend,20241121T220000,"[{'topic': 'Mergers & Acquisitions', 'relevance_score': '0.108179'}, {'topic': 'Financial Markets', 'relevance_score': '0.161647'}]",TBCRF,0.319954,Somewhat-Bullish
TBCRF,Timbercreek Financial Declares November 2024 Dividend,"TORONTO, Nov. 21, 2024 ( GLOBE NEWSWIRE ) -- Timbercreek Financial ( TSX: TF ) ( the ""Company"" ) is pleased to announce that it has declared a monthly cash dividend of $0.0575 per common share ( ""Common Share"" ) of the Company to be paid on December 13, 2024 to holders of Common Shares of record ...",GlobeNewswire,https://www.globenewswire.com/news-release/2024/11/21/2985665/0/en/Timbercreek-Financial-Declares-November-2024-Dividend.html,20241121T220000,"[{'topic': 'Mergers & Acquisitions', 'relevance_score': '0.108179'}, {'topic': 'Financial Markets', 'relevance_score': '0.108179'}]",TBCRF,0.327775,Somewhat-Bullish
,Inventronics Announces 2024 Q3 Financial Results,"CALGARY, Alberta, Nov. 21, 2024 ( GLOBE NEWSWIRE ) -- Inventronics Limited ( ""Inventronics"" or the ""Corporation"" ) ( IVX:TSX Venture ) , a designer and manufacturer of enclosures for the telecommunications, cable, power distribution, energy and other industries in North America, today announced ...",GlobeNewswire,https://www.globenewswire.com/news-release/2024/11/21/2985668/0/en/Inventronics-Announces-2024-Q3-Financial-Results.html,20241121T220000,"[{'topic': 'Earnings', 'relevance_score': '0.938793'}]",,0.093332,Neutral
NVDA,NVIDIA Announces Upcoming Events for Financial Community - NVIDIA  ( NASDAQ:NVDA ) ,"SANTA CLARA, Calif., Nov. 21, 2024 ( GLOBE NEWSWIRE ) -- NVIDIA will present at the following events for the financial community: UBS Global Technology and AI Conference Tuesday, Dec. 3, 6:35 a.m. Pacific time J.P. Morgan Healthcare Conference Monday, Jan. 13, 9:45 a.m. Pacific time",Benzinga,https://www.benzinga.com/pressreleases/24/11/g42125515/nvidia-announces-upcoming-events-for-financial-community,20241121T220000,"[{'topic': 'Manufacturing', 'relevance_score': '1.0'}]",NVDA,0.232448,Somewhat-Bullish
"DRS, INGR, CLS",What's the Outlook for Stocks in 2025?,2024 Was Good to Stocks. What Happens Next?,Zacks Commentary,https://www.zacks.com/commentary/2373634/whats-the-outlook-for-stocks-in-2025,20241121T220000,"[{'topic': 'Economy - Monetary', 'relevance_score': '0.158519'}, {'topic': 'Financial Markets', 'relevance_score': '0.108179'}, {'topic': 'Manufacturing', 'relevance_score': '1.0'}, {'topic': 'Earnings', 'relevance_score': '0.310843'}]","DRS, INGR, CLS",0.119519,Neutral
,BDA Advises Hanwha Life on Acquisition of Majority Stake in Velocity Clearing,"New York, NY November 21, 2024 -- ( PR.com ) -- BDA Partners is pleased to announce that its client, Hanwha Life, South Korea's first life insurance company, has agreed to acquire a 75% stake in the parent of Velocity Clearing, a US-based global financial services firm.",Benzinga,https://www.benzinga.com/pressreleases/24/11/r42125525/bda-advises-hanwha-life-on-acquisition-of-majority-stake-in-velocity-clearing,20241121T220000,"[{'topic': 'Mergers & Acquisitions', 'relevance_score': '0.158519'}, {'topic': 'Financial Markets', 'relevance_score': '0.955357'}]",,0.32679,Somewhat-Bullish
"GOOG, HAS",TRANSFORMERS: Tactical Arena Rolls Out as a Free-to-Play Game on Google Play Today,"Prepare for battle! The real-time PvP strategy game is now available on both the App Store and Play Store. SALT LAKE CITY, Nov. 21, 2024 /PRNewswire/ -- TRANSFORMERS: Tactical Arena ( TTA ) is now available as a free-to-play game on both the Google Play Store and Apple App Store.",Benzinga,https://www.benzinga.com/pressreleases/24/11/n42125522/transformers-tactical-arena-rolls-out-as-a-free-to-play-game-on-google-play-today,20241121T220000,"[{'topic': 'Technology', 'relevance_score': '0.5'}, {'topic': 'Manufacturing', 'relevance_score': '0.5'}]","GOOG, HAS",0.401504,Bullish
NVDA,NVIDIA Announces Upcoming Events for Financial Community,"SANTA CLARA, Calif., Nov. 21, 2024 ( GLOBE NEWSWIRE ) -- NVIDIA will present at the following events for the financial community: ...",GlobeNewswire,https://www.globenewswire.com/news-release/2024/11/21/2985666/0/en/NVIDIA-Announces-Upcoming-Events-for-Financial-Community.html,20241121T220000,"[{'topic': 'Manufacturing', 'relevance_score': '1.0'}]",NVDA,0.210541,Somewhat-Bullish
"MSTR, CRYPTO:BTC, CRYPTO:ETH",Why Crypto Stocks Were Crushing the Market on Thursday,"Hardly for the first time in these waning days of 2024, cryptocurrency-related stocks were having quite a good day on the market Thursday -- although there were certain glaring exceptions. Lingering optimism about a crypto-friendly presidential administration preparing for work helped bolster ...",Motley Fool,https://www.fool.com/investing/2024/11/21/why-crypto-stocks-were-crushing-the-market-on-thur/,20241121T215848,"[{'topic': 'Economy - Monetary', 'relevance_score': '0.158519'}, {'topic': 'Financial Markets', 'relevance_score': '0.976913'}, {'topic': 'Technology', 'relevance_score': '1.0'}, {'topic': 'Blockchain', 'relevance_score': '0.158519'}]","MSTR, CRYPTO:BTC, CRYPTO:ETH",0.267455,Somewhat-Bullish
,"Bleichroeder Acquisition Corp. I Announces the Separate Trading of its Class A Ordinary Shares and Rights, Commencing December 2, 2024","New York, NY, Nov. 21, 2024 ( GLOBE NEWSWIRE ) -- Bleichroeder Acquisition Corp. I ( Nasdaq: BACQU ) ( the ""Company"" ) announced today that, commencing December 2, 2024, holders of the units sold in the Company's initial public offering may elect to separately trade the Company's Class A ordinary ...",GlobeNewswire,https://www.globenewswire.com/news-release/2024/11/21/2985664/0/en/Bleichroeder-Acquisition-Corp-I-Announces-the-Separate-Trading-of-its-Class-A-Ordinary-Shares-and-Rights-Commencing-December-2-2024.html,20241121T215700,"[{'topic': 'IPO', 'relevance_score': '0.310843'}, {'topic': 'Financial Markets', 'relevance_score': '0.451494'}]",,0.155258,Somewhat-Bullish
ZVRA,Zevra Therapeutics Announces U.S. Commercial Availability of MIPLYFFA™  ( arimoclomol )  for Treatment of Niemann-Pick Disease Type C,"MIPLYFFA, the first FDA-approved treatment for Niemann-Pick disease type C, is available at Zevra's specialty pharmacy for dispense ...",GlobeNewswire,https://www.globenewswire.com/news-release/2024/11/21/2985662/16626/en/Zevra-Therapeutics-Announces-U-S-Commercial-Availability-of-MIPLYFFA-arimoclomol-for-Treatment-of-Niemann-Pick-Disease-Type-C.html,20241121T215100,"[{'topic': 'Financial Markets', 'relevance_score': '0.310843'}]",ZVRA,0.172728,Somewhat-Bullish
NTAP,NetApp Stock Climbs After Better-Than-Expected Q2 Results - NetApp  ( NASDAQ:NTAP ) ,"NetApp, Inc. NTAP reported its second-quarter results after Thursday's closing bell. Here's a look at the details from the report. The Details: NetApp reported quarterly earnings of $1.87 per share, which beat the analyst consensus estimate of $1.78.",Benzinga,https://www.benzinga.com/news/earnings/24/11/42125102/netapp-stock-climbs-after-better-than-expected-q2-results,20241121T215014,"[{'topic': 'Earnings', 'relevance_score': '0.995973'}, {'topic': 'Technology', 'relevance_score': '1.0'}]",NTAP,0.322736,Somewhat-Bullish
